source,seendate,title,url,domain,language,sourcecountry,socialimage,fetched_at
GDELT,20251101T213000Z,"Azruddin Mohamed , Guyana | Homeland Security Newswire",https://www.homelandsecuritynewswire.com/dr20251101-azruddin-mohamed-arrested-in-guyana,homelandsecuritynewswire.com,English,United States,,2025-11-01T21:55:19.306956+00:00
GDELT,20251101T143000Z,Exxon Mobil Corporation ( NYSE : XOM ) Q3 2025 Earnings Call Transcript,https://www.insidermonkey.com/blog/exxon-mobil-corporation-nysexom-q3-2025-earnings-call-transcript-1638821/,insidermonkey.com,English,United States,https://d2gr5kl7dt2z3t.cloudfront.net/blog/wp-content/uploads/2023/09/20131210/XOM-insidermonkey-1695229927003.jpg,2025-11-01T21:55:19.306983+00:00
GDELT,20251031T113000Z,"Visit these 7 neighborhoods to experience the real Washington , D . C . ",https://www.nationalgeographic.com/travel/article/best-neighborhoods-washington-dc,nationalgeographic.com,English,United States,https://i.natgeofe.com/n/5d9e4da8-3fae-406b-81e4-c8fe83681478/shutterstock_2498785633_16x9.jpg,2025-11-01T21:55:19.306988+00:00
GDELT,20251030T204500Z,"Man pleads not guilty to murder , torture of LA model found stuffed inside refrigerator",https://www.foxla.com/news/man-pleads-not-guilty-death-la-model-found-stuffed-inside-refrigerator,foxla.com,English,United States,https://images.foxtv.com/static.foxla.com/www.foxla.com/content/uploads/2024/02/1280/720/Magnus-Daniel-Humphrey-maleesa-mooney.jpg?ve=1&tl=1,2025-11-01T21:55:19.306992+00:00
GDELT,20251030T203000Z,Exxon Mobil Trades Flat As Investors Await Q3 Earnings Report - Exxon Mobil ( NYSE : XOM ) ,https://www.benzinga.com/trading-ideas/movers/25/10/48543506/exxon-mobil-trades-flat-as-investors-await-q3-earnings-report,benzinga.com,English,United States,https://cdn.benzinga.com/files/images/story/2025/10/30/Exxon-Mobil.jpeg?&fit=crop,2025-11-01T21:55:19.306996+00:00
GDELT,20251027T121500Z,India Crude Oil Imports Rise Even as Russian Supply Tightens,https://oilprice.com/Latest-Energy-News/World-News/Indias-Crude-Oil-Imports-Rise-Even-as-Russian-Supply-Tightens.html,oilprice.com,English,United States,https://d32r1sh890xpii.cloudfront.net/news/718x300/2025-10-27_ati0gs6p5x.jpg,2025-11-01T21:55:19.307000+00:00
GDELT,20251027T121500Z,Inside Business celebrates 2025 Top Forty Under 40,https://www.dailypress.com/2025/10/27/inside-business-top-forty-under-40-2025/,dailypress.com,English,United States,https://www.dailypress.com/wp-content/uploads/2025/10/2025-Top-Forty-Under-40-cover-1.jpg,2025-11-01T21:55:19.307004+00:00
GDELT,20251027T121500Z,Inside Business celebrates 2025 Top Forty Under 40,https://www.pilotonline.com/2025/10/27/inside-business-top-forty-under-40-2025/,pilotonline.com,English,United States,https://www.pilotonline.com/wp-content/uploads/2025/10/2025-Top-Forty-Under-40-cover.jpg,2025-11-01T21:55:19.307008+00:00
GDELT,20251025T221500Z,"Texas Eats : Date nights to brunch bites at Fife & Farro , Ravello , The Gristmill and Bird Dog",https://www.ksat.com/texas-eats/2025/10/25/texas-eats-date-nights-to-brunch-bites-at-fife-farro-ravello-the-gristmill-and-bird-dog/,ksat.com,English,United States,"https://res.cloudinary.com/graham-media-group/image/upload/f_auto/q_auto/c_thumb,w_700/v1/media/anyclip/fstl-tf/40b9G5oBaQ-JRDLM-7ox/1761407590957_1920x1080_thumbnail.jpg?_a=DATAg1eAZAA0",2025-11-01T21:55:19.307011+00:00
GDELT,20251024T194500Z,"Canada Warns Travelers To Exercise Caution If Travelling To Several Caribbean Nations Due To Crime - Dominican Republic Post – Caribbean News , Business , Travel & Culture",https://dominicanrepublicpost.com/canada-warns-travelers-to-exercise-caution-if-travelling-to-several-caribbean-nations-due-to-crime/,dominicanrepublicpost.com,English,United States,https://dominicanrepublicpost.com/app/uploads/2025/10/canada-issues-warning-about-these-caribbean-countries-DXhcty.png,2025-11-01T21:55:19.307015+00:00
GDELT,20251024T184500Z,Canada Warns Travelers To Exercise Caution If Travelling To Several Caribbean Nations Due To Crime - Grenada Chronicle – Daily Grenada And Caribbean News,https://grenadachronicle.com/canada-warns-travelers-to-exercise-caution-if-travelling-to-several-caribbean-nations-due-to-crime/,grenadachronicle.com,English,United States,https://grenadachronicle.com/app/uploads/2025/10/canada-issues-warning-about-these-caribbean-countries-QxJH9o.png,2025-11-01T21:55:19.307018+00:00
GDELT,20251023T014500Z,State AGs Plunge Into Battle Over Proof of Citizenship to Vote,https://www.dailysignal.com/2025/10/22/state-attorneys-general-weigh-requiring-proof-citizenship-vote/,dailysignal.com,English,United States,https://www.dailysignal.com/wp-content/uploads/2025/10/AG-ProofCitizenshi-scaled.jpg,2025-11-01T21:55:19.307021+00:00
GDELT,20251022T204500Z,"8 Americans arrested as Bahamas police seize guns , cash from boat",https://www.aol.com/8-americans-arrested-bahamas-police-152848031.html,aol.com,English,United States,https://s.yimg.com/ny/api/res/1.2/Cy8r1xQ5cJVjxkfFnM9JEg--/YXBwaWQ9aGlnaGxhbmRlcjt3PTEyMDA7aD02NzU-/https://media.zenfs.com/en/cbs_news_897/8ef5b83907aa9e039f1920c1cb380f49,2025-11-01T21:55:19.307025+00:00
GDELT,20251022T200000Z,"Bahamas bust : weapons , ammunition and cash seized from boat , 8 Americans arrested",https://kimatv.com/news/nation-world/bahamas-bust-weapons-ammunition-cash-seized-boat-8-americans-arrested-bimini-fire-arms-police-bust-royal-bahamas-police-force,kimatv.com,English,United States,https://kimatv.com/resources/media/1fe7acfc-9985-4d9a-93b4-b2800c9997bb-large16x9_GettyImages628745662.jpg,2025-11-01T21:55:19.307028+00:00
GDELT,20251022T200000Z,"Bahamas bust : weapons , ammunition and cash seized from boat , 8 Americans arrested",https://wcti12.com/news/nation-world/bahamas-bust-weapons-ammunition-cash-seized-boat-8-americans-arrested-bimini-fire-arms-police-bust-royal-bahamas-police-force,wcti12.com,English,United States,https://wcti12.com/resources/media/1fe7acfc-9985-4d9a-93b4-b2800c9997bb-large16x9_GettyImages628745662.jpg,2025-11-01T21:55:19.307031+00:00
GDELT,20251022T200000Z,"Brooklyn Paper 2025 General Election Voter Guide : How and where to vote , who on the ballot , and more • Brooklyn Paper",https://www.brooklynpaper.com/brooklyn-2025-general-election-voter-guide/,brooklynpaper.com,English,United States,https://www.brooklynpaper.com/wp-content/uploads/2025/10/NYCPrimaryElection_062425-10.jpg?quality=51&p=q,2025-11-01T21:55:19.307034+00:00
GDELT,20251022T193000Z,"Bahamas bust : weapons , ammunition and cash seized from boat , 8 Americans arrested",https://nbc16.com/news/nation-world/bahamas-bust-weapons-ammunition-cash-seized-boat-8-americans-arrested-bimini-fire-arms-police-bust-royal-bahamas-police-force,nbc16.com,English,United States,https://nbc16.com/resources/media/1fe7acfc-9985-4d9a-93b4-b2800c9997bb-large16x9_GettyImages628745662.jpg,2025-11-01T21:55:19.307038+00:00
GDELT,20251022T193000Z,"Bahamas bust : weapons , ammunition and cash seized from boat , 8 Americans arrested",https://wcyb.com/news/nation-world/bahamas-bust-weapons-ammunition-cash-seized-boat-8-americans-arrested-bimini-fire-arms-police-bust-royal-bahamas-police-force,wcyb.com,English,United States,https://wcyb.com/resources/media/1fe7acfc-9985-4d9a-93b4-b2800c9997bb-large16x9_GettyImages628745662.jpg,2025-11-01T21:55:19.307042+00:00
GDELT,20251022T161500Z,"8 Americans arrested as Bahamas police seize guns , cash from boat",https://www.yahoo.com/news/articles/8-americans-arrested-bahamas-police-152848031.html,yahoo.com,English,United States,https://s.yimg.com/ny/api/res/1.2/4OgFmwzPDh3WNVLC1L3izQ--/YXBwaWQ9aGlnaGxhbmRlcjt3PTEyMDA7aD02NzU7Y2Y9d2VicA--/https://media.zenfs.com/en/cbs_news_897/8ef5b83907aa9e039f1920c1cb380f49,2025-11-01T21:55:19.307045+00:00
GDELT,20251022T030000Z,Latest Articles from Michael Scott,https://oilprice.com/contributors/Michael-Scott/,oilprice.com,English,United States,,2025-11-01T21:55:19.307048+00:00
GDELT,20251021T223000Z,BP Confirms Significant Hydrocarbon Discovery in the Orange Basin,https://finance.yahoo.com/news/bp-confirms-significant-hydrocarbon-discovery-185200597.html,finance.yahoo.com,English,United States,https://media.zenfs.com/en/zacks.com/8c4a41f088bf9120715db42cb7535f5f,2025-11-01T21:55:19.307051+00:00
GDELT,20251021T171500Z,Ukraine Drone Strikes on Russia Are Disrupting Central Asian Gas Flows,https://oilprice.com/Energy/Energy-General/Ukraines-Drone-Strikes-on-Russia-Are-Disrupting-Central-Asian-Gas-Flows.html,oilprice.com,English,United States,https://d32r1sh890xpii.cloudfront.net/article/718x300/2025-10-21_wnsogg9aht.jpg,2025-11-01T21:55:19.307055+00:00
GDELT,20251021T160000Z,China Unveils World Largest Wind Turbine,https://oilprice.com/Latest-Energy-News/World-News/China-Unveils-Worlds-Largest-Wind-Turbine.html,oilprice.com,English,United States,https://d32r1sh890xpii.cloudfront.net/news/718x300/2025-10-21_tzyk3bjnow.jpg,2025-11-01T21:55:19.307058+00:00
GDELT,20251021T083000Z,Halliburton and VoltaGrid Partner to Power Global Data Centers,https://oilprice.com/Company-News/Halliburton-and-VoltaGrid-Partner-to-Power-Global-Data-Centers.html,oilprice.com,English,United States,https://d32r1sh890xpii.cloudfront.net/news/718x300/2025-10-20_ejfn26fbn5.jpg,2025-11-01T21:55:19.307061+00:00
GDELT,20251021T033000Z,TotalEnergies Sells GreenFlex to Oteis to Refocus on Core Energy Operations,https://oilprice.com/Company-News/TotalEnergies-Sells-GreenFlex-to-Oteis-to-Refocus-on-Core-Energy-Operations.html,oilprice.com,English,United States,https://d32r1sh890xpii.cloudfront.net/news/718x300/2025-10-20_fqbknxchgw.jpg,2025-11-01T21:55:19.307065+00:00
GDELT,20251020T184500Z,Oil Billion Barrel Sea Surplus Expands,https://www.rigzone.com/news/wire/oils_billion_barrel_sea_surplus_expands-20-oct-2025-182121-article/,rigzone.com,English,United States,https://images.rigzone.com/images/news/articles/Oils-Billion-Barrel-Sea-Surplus-Expands-182121-1200x628.png,2025-11-01T21:55:19.307068+00:00
GDELT,20251020T143000Z,Best new restaurants on Long Island in 2025,https://www.newsday.com/lifestyle/restaurants/best-new-restaurants-long-island-2025-lwp4xwgk,newsday.com,English,United States,https://cdn.newsday.com/ace/c:OTkxNGMyZWEtNWQ1NC00:ZmYzOWNmYzAtZjlhZC00/landscape/1280,2025-11-01T21:55:19.307072+00:00
GDELT,20251020T083000Z,Pedaling Between Worlds : Training wheels,https://stanforddaily.com/2025/10/19/pedaling-between-worlds-training-wheels/,stanforddaily.com,English,United States,https://stanforddaily.com/wp-content/uploads/2021/11/IMG_0013-Sosi-Maren-Day.jpg,2025-11-01T21:55:19.307076+00:00
GDELT,20251018T041500Z,Guyana suscribe acuerdo con InterEnergy Group para red eléctrica,https://www.diariolibre.com/economia/energia/2025/10/17/guyana-suscribe-acuerdo-con-interenergy-group-para-red-electrica/3281470,diariolibre.com,Spanish,United States,https://resources.diariolibre.com/images/2025/10/17/whatsapp-image-2025-10-12-at-141700-770x540-e8b68844-focus-0.04-0.01-608-342_wam.jpg,2025-11-01T21:55:19.307080+00:00
GDELT,20251017T190000Z,The Problem with Oil : Renewable Energy in Guyana - The Borgen Project,https://borgenproject.org/renewable-energy-in-guyana/,borgenproject.org,English,United States,https://borgenproject.org/wp-content/uploads/5819920120_972c2183ab_c.jpg,2025-11-01T21:55:19.307089+00:00
GDELT,20251017T161500Z,Minnesota Man to Stand Trial in Death of Model Found in Refrigerator,https://mynewsla.com/crime/2025/10/17/man-ordered-to-stand-trial-in-death-of-model-found-in-refrigerator-2/,mynewsla.com,English,United States,https://mynewsla.com/wp-content/uploads/2025/08/shutterstock_2056423640-scaled.jpg,2025-11-01T21:55:19.307093+00:00
GDELT,20251017T024500Z,Man Ordered to Stand Trial in Death of Model Found in Refrigerator,https://mynewsla.com/crime/2025/10/16/man-ordered-to-stand-trial-in-death-of-model-found-in-refrigerator/,mynewsla.com,English,United States,https://i0.wp.com/mynewsla.com/wp-content/uploads/2021/10/MNLA-Facebook.jpg?fit=640%2C360&ssl=1,2025-11-01T21:55:19.307097+00:00
GDELT,20251016T230000Z,Democrat School Board Chair Ends Senate Campaign After Illegal Migrant Arrest,https://dailycaller.com/2025/10/16/democrat-jackie-norris-ends-campaign-ian-roberts-illegal-arrest-ice-arrest/,dailycaller.com,English,United States,"https://images.dailycaller.com/image/width=1280,height=549,fit=cover,format=webp,f=auto/https://cdn01.dailycaller.com/wp-content/uploads/2025/10/Ballot-Box-scaled-e1760644967319.jpg",2025-11-01T21:55:19.307102+00:00
GDELT,20251016T204500Z,"Guyana parliament would not provide immunity to opposition leader Mohamed , VP says",https://www.yahoo.com/news/articles/guyanas-parliament-not-immunity-opposition-200851258.html,yahoo.com,English,United States,https://media.zenfs.com/en/reuters.com/7a4638bcbf87b332b11473f5b6ad5abf,2025-11-01T21:55:19.307108+00:00
GDELT,20251016T144500Z,Iowa school district requests audit after superintendent arrest,https://www.upi.com/Top_News/US/2025/10/16/ian-roberts-des-moines-arrest-iowa/4341760619979/,upi.com,English,United States,https://cdnph.upi.com/sv/ph/og/i/4341760619979/2025/1/17606202865567/v1.5/Iowa-school-district-requests-audit-after-superintendent-arrest.jpg,2025-11-01T21:55:19.307111+00:00
GDELT,20251016T140000Z,Iowa school district requests audit after superintendent arrest,https://www.yahoo.com/news/articles/iowa-school-district-requests-audit-132528099.html,yahoo.com,English,United States,https://media.zenfs.com/en/united_press_international_articles_356/11d4dd6dc4af9f5f388717f7475d6497,2025-11-01T21:55:19.307115+00:00
GDELT,20251016T051500Z,"Bakers , pub owner saw Schenectady had rebirth ingredients | Business",https://www.dailygazette.com/the_recorder/news/business/schenectady-mallozzi-kennedy-papa/article_2f86279d-0485-47a9-b689-2a382ca0470e.html,dailygazette.com,English,United States,https://bloximages.chicago2.vip.townnews.com/dailygazette.com/content/tncms/assets/v3/editorial/c/66/c66e66df-d809-4068-9f60-8792c2e73b43/68f0435c00efe.image.jpg?crop=1196%2C627%2C0%2C0,2025-11-01T21:55:19.307119+00:00
GDELT,20251013T224500Z,"Guyana , Venezuela , election interference | Homeland Security Newswire",https://www.homelandsecuritynewswire.com/dr20251013-a-crucible-for-guyana-s-evolving-democracy,homelandsecuritynewswire.com,English,United States,,2025-11-01T21:55:19.307123+00:00
GDELT,20251013T174500Z,Community Day,https://britishart.yale.edu/exhibitions-programs/community-day-0,britishart.yale.edu,English,United States,,2025-11-01T21:55:19.307127+00:00
GDELT,20251011T171500Z,A Roti - Making Course In Antigua Became One Of My Best Travel Experiences,https://www.essence.com/lifestyle/food-drinks/antigua-food/,essence.com,English,United States,https://www.essence.com/lifestyle/food-drinks/antigua-food,2025-11-01T21:55:19.307130+00:00
GDELT,20251010T011500Z,California  Pillage  People Lose Equity Theft Battle – OpEd – Eurasia Review,https://www.eurasiareview.com/10102025-californias-pillage-people-lose-equity-theft-battle-oped/,eurasiareview.com,English,United States,https://www.eurasiareview.com/wp-content/uploads/2023/06/a-72.png,2025-11-01T21:55:19.307136+00:00
GDELT,20251009T144500Z,"EXCLUSIVE : GOP Rep Emerges As Frontrunner For Open Governor Seat , Polling Shows",https://www.aol.com/articles/exclusive-gop-rep-emerges-frontrunner-124345321.html,aol.com,English,United States,https://media.zenfs.com/en/the_daily_caller_375/e71a613dbe84a024fab8249c5ce9e55a,2025-11-01T21:55:19.307141+00:00
GDELT,20251009T140000Z,"EXCLUSIVE : GOP Rep Emerges As Frontrunner For Open Governor Seat , Polling Shows",https://dailycaller.com/2025/10/09/exclusive-gop-rep-emerges-as-frontrunner-for-open-governor-seat-polling-shows/,dailycaller.com,English,United States,"https://images.dailycaller.com/image/width=1280,height=549,fit=cover,format=webp,f=auto/https://cdn01.dailycaller.com/wp-content/uploads/2025/10/Feenstra-e1759961809568.png",2025-11-01T21:55:19.307145+00:00
GDELT,20251009T083000Z,Opposition leader indicted as U . S . disrupts Guyanese politics,https://amsterdamnews.com/news/2025/10/09/opposition-leader-indicted-as-us-disrupts-guyanese-politic/,amsterdamnews.com,English,United States,https://i0.wp.com/amsterdamnews.com/wp-content/uploads/2025/10/AP-carib-Azruddin-Mohamed25279477057021-scaled.jpg?fit=2560%2C1707&ssl=1,2025-11-01T21:55:19.307150+00:00
GDELT,20251009T073000Z,Sobey Art Award Exhibition 2025 - Announcements,https://www.e-flux.com/announcements/663170/sobey-art-award-exhibition-2025,e-flux.com,English,United States,https://images.e-flux.com/test/1be96525-90fb-4b21-89e0-5e440751d2b7,2025-11-01T21:55:19.307154+00:00
GDELT,20251008T230000Z,Hanging Between the Danger of Nuclear War and the Promise of an Oasis Plan,https://larouchepub.com/other/2025/5240-hanging_between_the_danger_of.html,larouchepub.com,English,United States,,2025-11-01T21:55:19.307158+00:00
GDELT,20251008T184500Z,US corruption indictment of billionaire politician wont block him from Guyana parliament,https://www.wlrn.org/americas/2025-10-08/us-corruption-indictment-of-billionaire-politician-wont-block-him-from-guyanas-parliament,wlrn.org,English,United States,http://npr-brightspot.s3.amazonaws.com/24/70/e19164124dabae9de5d4473cc6de/ap25280801078407.jpg,2025-11-01T21:55:19.307162+00:00
GDELT,20251008T153000Z,New Exhibit @ ACP Opens Oct 11,https://princetonol.com/announcement/new-exhibit-acp-opens-oct-11,princetonol.com,English,United States,http://princetonol.com/userfiles/image/Screen%20Shot%202025-10-08%20at%209_36_47%20AM.png,2025-11-01T21:55:19.307166+00:00
GDELT,20251008T021500Z,US corruption indictment of billionaire politician wont block him from Guyana parliament,"http://www.sitkasentinel.com/stories/us-corruption-indictment-of-billionaire-politician-wont-block-him-from-guyanas-parliament,79727",sitkasentinel.com,English,United States,https://mapi.associatedpress.com/v2/items/c0fcc9c8265d4fb084345b16fea4fa0a.0/preview/preview.jpg?nfe=true&s=512&wm=false&app=MPK&tag=iid~c0fcc9c8265d4fb084345b16fea4fa0a!rsn~0!cid~2cf5603cb6d24e999a75e7bca5c77ce2!orgId~48830!qt~6zUInpbeqNeI!orgNm~DAILY%20SITKA%20SENTINEL!role~Preview!mt~photo!fmt~JPEG%20Baseline,2025-11-01T21:55:19.307170+00:00
GDELT,20251008T011500Z,US corruption indictment of billionaire politician wont block him from Guyana parliament,"http://www.morningsun.net/stories/us-corruption-indictment-of-billionaire-politician-wont-block-him-from-guyanas-parliament,256814",morningsun.net,English,United States,https://mapi.associatedpress.com/v2/items/c0fcc9c8265d4fb084345b16fea4fa0a.0/preview/preview.jpg?nfe=true&s=512&wm=false&app=MPK&tag=iid~c0fcc9c8265d4fb084345b16fea4fa0a!rsn~0!cid~2cf5603cb6d24e999a75e7bca5c77ce2!orgId~46179!qt~hbXQix5inNeI!orgNm~THE%20MORNING%20SUN%20!role~Preview!mt~photo!fmt~JPEG%20Baseline,2025-11-01T21:55:19.307173+00:00
GDELT,20251007T193000Z,Low oil prices : Saudi gift to Trump or ticking bomb ? – Oil & Gas 360,https://www.oilandgas360.com/low-oil-prices-saudi-gift-to-trump-or-ticking-bomb/,oilandgas360.com,English,United States,,2025-11-01T21:55:19.307176+00:00
GDELT,20251007T001500Z,Crowning Glory : New Demerara Bridge Lights Up Guyana . ,https://www.thestkittsnevisobserver.com/crowning-glory-new-demerara-bridge-lights-up-guyana/,thestkittsnevisobserver.com,English,United States,https://www.thestkittsnevisobserver.com/wp-content/uploads/guayan-crown-construction.jpg,2025-11-01T21:55:19.307179+00:00
GDELT,20251006T144500Z,"Friends , family remember the life and legacy of Morristown  griot  Chris Martin",https://morristowngreen.com/2025/10/06/friends-family-remember-the-life-and-legacy-of-morristown-griot-chris-martin/,morristowngreen.com,English,United States,https://morristowngree.wpenginepowered.com/wp-content/uploads/2025/10/C-Alexander-Llanos-2.jpeg,2025-11-01T21:55:19.307183+00:00
GDELT,20251005T121500Z,Ian Roberts destroyed more than his career,https://www.thegazette.com/staff-columnists/ian-roberts-destroyed-more-than-his-career/,thegazette.com,English,United States,https://imengine.public.prod.cdr.navigacloud.com?uuid=1fbc0ca8-0a16-59fe-be9e-e48b2a32f4c0&function=hardcrop&type=preview&source=false&q=60,2025-11-01T21:55:19.307186+00:00
GDELT,20251004T221500Z,World Trade Centre Georgetown to Launch with Multiple Events,https://sflcn.com/world-trade-centre-georgetown-to-launch-with-multiple-events/,sflcn.com,English,United States,https://sflcn.com/wp-content/uploads/2025/10/World-Trade-Centre-Georgetown.jpg,2025-11-01T21:55:19.307190+00:00
GDELT,20251004T180000Z,DC LARSON : Defining American citizenship,https://wcfcourier.com/opinion/columnists/guest_columnists/article_f0a9b66b-1a26-4258-b485-6c5e80faa981.html,wcfcourier.com,English,United States,https://bloximages.chicago2.vip.townnews.com/wcfcourier.com/content/tncms/assets/v3/editorial/f/0a/f0a9b66b-1a26-4258-b485-6c5e80faa981/68dc62a80e86c.preview.jpg?crop=1340%2C704%2C0%2C98,2025-11-01T21:55:19.307195+00:00
GDELT,20251003T180000Z,Who Is Olivia Dean ? Rising Singer - Songwriter Behind Hits  Man I Need  ,https://www.lifeandstylemag.com/posts/who-is-olivia-dean-rising-singer-songwriter-behind-hits-man-i-need/,lifeandstylemag.com,English,United States,https://www.lifeandstylemag.com/wp-content/uploads/2025/10/olivia-dean-2223822033.jpg?crop=0px%2C0px%2C3000px%2C1576px,2025-11-01T21:55:19.307203+00:00
GDELT,20251002T233000Z,"No doctoral degree : Illegal - alien superintendent with criminal background faked his resume * WorldNetDaily * by Jaryn Crouson , Daily Caller News Foundation",https://www.wnd.com/2025/10/no-doctoral-degree-illegal-alien-superintendent-criminal-background/,wnd.com,English,United States,https://www.wnd.com/wp-content/uploads/2022/01/Resume-job-application-hiring-Pixabay.jpg,2025-11-01T21:55:19.307207+00:00
GDELT,20251002T200000Z,Illegal Migrant Superintendent With Criminal Record Also Faked A Doctorate And Des Moines Knew Before Hiring,https://dailycaller.com/2025/10/02/illegal-migrant-superintendent-with-criminal-record-also-faked-a-doctorate-and-des-moines-knew-before-hiring/,dailycaller.com,English,United States,"https://images.dailycaller.com/image/width=1280,height=549,fit=cover,format=webp,f=auto/https://cdn01.dailycaller.com/wp-content/uploads/2025/10/DMPS-Board-Speaks-to-Press-After-Accepting-Resignation.jpg",2025-11-01T21:55:19.307211+00:00
GDELT,20251002T131500Z,"But Wait , There More :  Iowa Educator  Ian Robert Academic Record Unravels Along With His Sketchy Past",https://redstate.com/jenniferoo/2025/10/02/but-wait-theres-more-iowa-man-ian-roberts-devolving-academic-record-and-sketchy-criminal-past-n2194642,redstate.com,English,United States,https://media.townhall.com/cdn/hodl/2025/275/3b1dcc0b-d58e-4ff7-b9b1-bc760dd105ee.jpg,2025-11-01T21:55:19.307215+00:00
GDELT,20251002T023000Z,Artdaily - The First Art Newspaper on the Net,https://artdaily.com/?date=10/02/2025,artdaily.com,English,United States,,2025-11-01T21:55:19.307219+00:00
GDELT,20251001T220000Z,Things to do in Boston this weekend : Dropkicks and St . Patrick Day,https://www.bostonglobe.com/2025/10/01/arts/things-to-do-in-boston-this-weekend/,bostonglobe.com,English,United States,https://bostonglobe-prod.cdn.arcpublishing.com/resizer/v2/HVVKSBIIIFPVR7XS4QZFEG43F4.jpg?auth=09658f139924faa8fc45c0da7c1a9a7c11ec3a47cf8adb8d6b366bba40a3ede8,2025-11-01T21:55:19.307223+00:00
GDELT,20251001T054500Z,"Defining American citizenship | News , Sports , Jobs",https://www.timesrepublican.com/opinion/columnists/2025/10/defining-american-citizenship/,timesrepublican.com,English,United States,https://ogden_images.s3.amazonaws.com/www.timesrepublican.com/images/2025/09/30225523/N2009P30002K.jpg,2025-11-01T21:55:19.307227+00:00
GDELT,20250930T234500Z,2 foreign nationals charged in SC after long - term international investigation,https://www.live5news.com/2025/09/30/2-foreign-nationals-charged-sc-after-long-term-international-investigation/,live5news.com,English,United States,https://gray-wcsc-prod.gtv-cdn.com/resizer/v2/5P6YQXPOQNC65KZ2GT5G3Q2H3M.jpeg?auth=17c3131f287fa4a3577211e01c80c7171edb743c5dc5aa028348e700882bd48f&smart=true,2025-11-01T21:55:19.307231+00:00
GDELT,20250930T194500Z,"Illegal - alien superintendent ICE nabbed pushed policy allowing criminals to be hired by schools * WorldNetDaily * by Jaryn Crouson , Daily Caller News Foundation",https://www.wnd.com/2025/09/illegal-alien-superintendent-ice-nabbed-pushed-policy-allowing/,wnd.com,English,United States,https://www.wnd.com/wp-content/uploads/2025/09/fugitive-superintendent.jpg,2025-11-01T21:55:19.307234+00:00
GDELT,20250930T144500Z,Iowa school district superintendent placed on leave after ICE arrest,https://www.10news.com/news/iowa-school-district-superintendent-placed-on-leave-after-ice-arrest,10news.com,English,United States,http://ewscripps-brightspot.s3.amazonaws.com/c3/b3/16183e65409ca74b51250410d195/ian-roberts.png,2025-11-01T21:55:19.307238+00:00
GDELT,20250930T121500Z,Touring the Smithsonian on a hunt for Trump cultural purge,https://www.bostonglobe.com/2025/09/30/arts/smithsonian-trump-cultural-purge/,bostonglobe.com,English,United States,https://bostonglobe-prod.cdn.arcpublishing.com/resizer/v2/XDOMOH5UNPTQF435P5OHT22X24.JPG?auth=2cb63ef3421c0b5dc6ac6a780b07f2ed648a450c7b9fce0a9e3a9f8b3beafb76,2025-11-01T21:55:19.307241+00:00
GDELT,20250929T234500Z,The issue of drugs doesnt usually get showcased at the UN General Assembly . This year is different,https://www.newsday.com/news/nation/un-general-assembly-drug-policy-trump-petro-t15784,newsday.com,English,United States,https://cdn.newsday.com/ace/c:MjM5NDRiNmItMjc1NS00:NjM3ZGVlZWEtNmUzNy00/landscape/1280,2025-11-01T21:55:19.307244+00:00
GDELT,20250929T151500Z,Officials place Des Moines schools leader on leave after his arrest by immigration agents,https://www.news8000.com/news/iowa-news/officials-place-des-moines-schools-leader-on-leave-after-his-arrest-by-immigration-agents/article_c8638c8a-cb41-58aa-8698-b9ee001a1974.html,news8000.com,English,United States,https://bloximages.newyork1.vip.townnews.com/news8000.com/content/tncms/assets/v3/editorial/f/45/f45c14a6-0be0-553a-836b-8d702f1bc9de/68d705ff71779.image.jpg?crop=1620%2C851%2C0%2C114,2025-11-01T21:55:19.307248+00:00
GDELT,20250929T151500Z,Superintendent Put On Leave Following ICE Arrest,https://k97fm.iheart.com/content/2025-09-29-superintendent-put-on-leave-following-ice-arrest/,k97fm.iheart.com,English,United States,"https://i.iheart.com/v3/re/new_assets/68da9157301452717d47f52c?ops=gravity(%22north%22),fit(1200,675),quality(65)",2025-11-01T21:55:19.307252+00:00
GDELT,20250929T140000Z,"Trump immigration policies are also affecting Black communities , officials and activists say",https://www.myozarksonline.com/trump-immigration-policies-are-also-affecting-black-communities-officials-and-activists-say/,myozarksonline.com,English,United States,https://missouriindependent.com/wp-content/uploads/2025/09/rep-frost-panel-9-26-2025_0-1024x727.jpg?icb=1759153641,2025-11-01T21:55:19.307260+00:00
GDELT,20250929T081500Z,Officials place Des Moines schools leader on leave after his arrest by immigration agents,https://abcnews.go.com/Politics/wireStory/officials-place-des-moines-schools-leader-leave-after-126006156,abcnews.go.com,English,United States,https://i.abcnewsfe.com/a/44f95d88-355f-4cc7-85c1-145a66dc17ac/wirestory_8fbcf8353997c3a3bab10231c16cbf49_16x9.jpg,2025-11-01T21:55:19.307264+00:00
GDELT,20250929T031500Z,Officials place Des Moines schools leader on leave after his arrest by immigration agents,https://www.santafenewmexican.com/ap/national/officials-place-des-moines-schools-leader-on-leave-after-his-arrest-by-immigration-agents/article_cae425f3-9cb1-5e80-ab50-1a8dda5d832a.html,santafenewmexican.com,English,United States,https://bloximages.newyork1.vip.townnews.com/santafenewmexican.com/content/tncms/assets/v3/editorial/2/56/256f1ae7-7610-52aa-a476-45a91284bb96/68d9bd4af3131.image.jpg?crop=1620%2C851%2C0%2C114,2025-11-01T21:55:19.307268+00:00
GDELT,20250929T001500Z,The São Paulo Biennial Is the Calm Before a Storm,https://hyperallergic.com/1045160/2025-sao-paulo-biennial-is-the-calm-before-a-storm/,hyperallergic.com,English,United States,https://i0.wp.com/hyperallergic-newspack.s3.amazonaws.com/uploads/2025/09/Maria-Magdalena-Campos-Pons-22Macuto22-2025-photo-Ela-Bittencourt-Hyperallergic.jpg?fit=2400%2C1546&quality=90&ssl=1,2025-11-01T21:55:19.307271+00:00
GDELT,20250929T001500Z,Officials place Des Moines schools leader on leave after his arrest by immigration agents,https://www.mankatofreepress.com/news/state_national_news/officials-place-des-moines-schools-leader-on-leave-after-his-arrest-by-immigration-agents/article_914b19db-6e55-57e5-866b-d07b29b128e7.html,mankatofreepress.com,English,United States,https://bloximages.chicago2.vip.townnews.com/mankatofreepress.com/content/tncms/assets/v3/editorial/2/ff/2ffda53e-3efd-5388-9289-ef13f95ff1d4/68d705c1be26d.image.jpg?crop=335%2C335%2C17%2C0,2025-11-01T21:55:19.307275+00:00
GDELT,20250928T223000Z,"Des Moines schools leader on leave after arrest by immigration agents | News , Sports , Jobs",https://www.dailypress.net/uncategorized/2025/09/des-moines-schools-leader-on-leave-after-arrest-by-immigration-agents/,dailypress.net,English,United States,http://d14e0irai0gcaa.cloudfront.net/www.dailypress.net/images/2017/01/31083150/fb.jpg,2025-11-01T21:55:19.307279+00:00
GDELT,20250928T223000Z,"Des Moines , Iowa superintendent placed on leave after arrest",https://rapidcityjournal.com/news/state-regional/crime-courts/article_4fd01ee2-cb84-4742-89c9-192b0b611246.html,rapidcityjournal.com,English,United States,https://bloximages.chicago2.vip.townnews.com/rapidcityjournal.com/content/tncms/assets/v3/editorial/4/fd/4fd01ee2-cb84-4742-89c9-192b0b611246/68d9aaef49c81.preview.jpg?crop=1763%2C926%2C0%2C124,2025-11-01T21:55:19.307284+00:00
GDELT,20250928T214500Z,Des Moines schools leader on leave after his arrest by immigration agents,https://salinapost.com/posts/c37484ad-9f5d-4aea-b67b-07fe42ef7d22,salinapost.com,English,United States,https://media.eaglewebservices.com/public/2025/9/1758925645393.png,2025-11-01T21:55:19.307289+00:00
GDELT,20250928T213000Z,Des Moines schools leader on leave after his arrest by immigration agents,https://greatbendpost.com/posts/c37484ad-9f5d-4aea-b67b-07fe42ef7d22,greatbendpost.com,English,United States,https://media.eaglewebservices.com/public/2025/9/1758925645393.png,2025-11-01T21:55:19.307293+00:00
GDELT,20250928T200000Z,Officials place Des Moines schools leader on leave after his arrest by immigration agents,https://www.mymotherlode.com/news/national/us-government/10002708/officials-place-des-moines-schools-leader-on-leave-after-his-arrest-by-immigration-agents.html,mymotherlode.com,English,United States,https://www.mymotherlode.com/wp-content/uploads/2025/09/AP_62531b9a2b234cbd9e4c6aca99f020b1_47b0719b47.jpg,2025-11-01T21:55:19.307296+00:00
GDELT,20250928T193000Z,El país de América Latina que empieza a ser llamado  la Dubái de la región . Un lugar donde la modernidad y la ambición económica buscan cambiar su destino,https://es.gizmodo.com/pais-de-america-latina-que-se-gana-el-titulo-de-la-dubai-de-la-region-2000187438,es.gizmodo.com,Spanish,United States,https://es.gizmodo.com/app/uploads/2025/08/Diseno-sin-titulo-15-20-1200x675.jpg,2025-11-01T21:55:19.307299+00:00
GDELT,20250928T153000Z,Officials place Des Moines schools leader on leave after his arrest by immigration agents,https://www.rockymounttelegram.com/news/national/officials-place-des-moines-schools-leader-on-leave-after-his-arrest-by-immigration-agents/article_c6e76b58-79c6-5285-b736-18784b4e0dc2.html,rockymounttelegram.com,English,United States,https://bloximages.newyork1.vip.townnews.com/rockymounttelegram.com/content/tncms/assets/v3/editorial/9/92/992ec117-d467-572d-8e59-617f62adc57e/68d70b318b677.image.jpg?crop=335%2C335%2C17%2C0,2025-11-01T21:55:19.307302+00:00
GDELT,20250928T153000Z,Des Moines school superintendent placed on leave after ICE detention,https://www.aol.com/articles/des-moines-school-superintendent-placed-140224577.html,aol.com,English,United States,https://s.yimg.com/ny/api/res/1.2/137q.bGukh9MQZz5lMHasg--/YXBwaWQ9aGlnaGxhbmRlcjt3PTEyMDA7aD04MDA-/https://media.zenfs.com/en/aol_cbs_news_articles_189/8199b49644fff7cbb7318de12441780b,2025-11-01T21:55:19.307306+00:00
GDELT,20250928T144500Z,Des Moines school superintendent placed on leave after ICE detention,https://www.cbsnews.com/news/ian-roberts-des-moines-school-superintendent-ice-immgration/,cbsnews.com,English,United States,https://assets1.cbsnewsstatic.com/hub/i/r/2025/09/28/abd01b0a-a212-4496-933b-4746bbc5399b/thumbnail/1200x630/9218c3d720aecb386793c9d6072cfa1a/ap25269735494982.jpg,2025-11-01T21:55:19.307310+00:00
GDELT,20250928T140000Z,Officials place Des Moines schools leader on leave after his arrest by immigration agents,"http://www.morningsun.net/stories/officials-place-des-moines-schools-leader-on-leave-after-his-arrest-by-immigration-agents,252424",morningsun.net,English,United States,https://mapi.associatedpress.com/v2/items/65429d49f8b44f16a998d0f31685e537.0/preview/preview.jpg?nfe=true&s=512&wm=false&app=MPK&tag=iid~65429d49f8b44f16a998d0f31685e537!rsn~0!cid~bdb859de703745b88c7a08a22cb1810e!orgId~46179!qt~x8Dh0sj1mUeI!orgNm~THE%20MORNING%20SUN%20!role~Preview!mt~photo!fmt~JPEG%20Baseline,2025-11-01T21:55:19.307314+00:00
GDELT,20250928T114500Z,Community Identity in Guyana - The Borgen Project,https://borgenproject.org/community-identity-in-guyana/,borgenproject.org,English,United States,https://borgenproject.org/wp-content/uploads/Community-Identity.jpg,2025-11-01T21:55:19.307317+00:00
GDELT,20250928T070000Z,"Officials place Des Moines schools leader on leave after his arrest by immigration agents | News , Sports , Jobs",https://www.theintelligencer.net/news/top-headlines/2025/09/officials-place-des-moines-schools-leader-on-leave-after-his-arrest-by-immigration-agents/,theintelligencer.net,English,United States,https://ogden_images.s3.amazonaws.com/www.theintelligencer.net/images/2025/09/28004819/AP25269735494982-750x500.jpg,2025-11-01T21:55:19.307321+00:00
GDELT,20250928T051500Z,"ICE arrests superintendent of Iowa largest public school district , officials say",https://www.mysuncoast.com/2025/09/28/ice-arrests-superintendent-iowas-largest-public-school-district-officials-say/,mysuncoast.com,English,United States,https://gray-wwsb-prod.gtv-cdn.com/resizer/v2/K2J7AY54X5FJLJOQDXZYM2XJRU.jpg?auth=9bd4bd34820fe10be5eb95e58e0dbf60e42f7e6dc1ed857ba4390fc623dc3ec6&smart=true,2025-11-01T21:55:19.307326+00:00
GDELT,20250928T051500Z,Officials place Des Moines schools leader on leave after his arrest by immigration agents,https://www.idahostatejournal.com/news/national/officials-place-des-moines-schools-leader-on-leave-after-his-arrest-by-immigration-agents/article_07105fe2-b9c3-593a-8168-9e14c3fa0e4b.html,idahostatejournal.com,English,United States,https://bloximages.chicago2.vip.townnews.com/idahostatejournal.com/content/tncms/assets/v3/editorial/4/20/420632e8-4f85-5fbd-baea-2d33b97afa60/68d70b006a905.image.jpg?crop=335%2C335%2C17%2C0,2025-11-01T21:55:19.307331+00:00
GDELT,20250928T044500Z,Officials place Iowa schools chief on leave after his arrest by immigration agents,https://www.latimes.com/world-nation/story/2025-09-27/officials-place-des-moines-schools-leader-on-leave-after-his-arrest-by-immigration-agents,latimes.com,English,United States,https://california-times-brightspot.s3.amazonaws.com/bc/05/3c6d78454b76b19bc5cdc95541c1/65429d49f8b44f16a998d0f31685e537.jpg,2025-11-01T21:55:19.307335+00:00
GDELT,20250928T041500Z,Officials place Des Moines schools leader on leave after his arrest by immigration agents,https://www.dailyadvance.com/news/national/officials-place-des-moines-schools-leader-on-leave-after-his-arrest-by-immigration-agents/article_bf886ef5-0358-5a27-ac7d-fdebe74e40e1.html,dailyadvance.com,English,United States,https://bloximages.newyork1.vip.townnews.com/dailyadvance.com/content/tncms/assets/v3/editorial/7/ef/7ef8d320-9439-5082-8abf-5f6feae82ccc/68d70add66a4a.image.jpg?crop=335%2C335%2C17%2C0,2025-11-01T21:55:19.307338+00:00
GDELT,20250928T041500Z,"ICE arrests superintendent of Iowa largest public school district , officials say",https://www.valleynewslive.com/2025/09/28/ice-arrests-superintendent-iowas-largest-public-school-district-officials-say/,valleynewslive.com,English,United States,https://gray-kvly-prod.gtv-cdn.com/resizer/v2/K2J7AY54X5FJLJOQDXZYM2XJRU.jpg?auth=9bd4bd34820fe10be5eb95e58e0dbf60e42f7e6dc1ed857ba4390fc623dc3ec6&smart=true,2025-11-01T21:55:19.307342+00:00
GDELT,20250928T040000Z,Officials place Des Moines schools leader on leave after his arrest by immigration agents,https://www.wsbradio.com/news/officials-place-des/TPSMXW65OFF53CQI53BD66WHNY/,wsbradio.com,English,United States,https://cmg-cmg-rd-20021-prod.cdn.arcpublishing.com/resizer/v2/https%3A%2F%2Fcloudfront-us-east-1.images.arcpublishing.com%2Fcmg%2F7PY5M4FV7TUWOEDF7YDGBMKXPE.jpg?auth=f2edbfcf325647846777d8d85df21817e0f003e5a77bbcc0af0031616e293b8b&smart=true,2025-11-01T21:55:19.307345+00:00
GDELT,20250928T040000Z,Officials place Des Moines schools leader on leave after his arrest by immigration agents,https://www.bangordailynews.com/2025/09/27/nation/officials-place-des-moines-schools-leader-on-leave-after-his-arrest-by-immigration-agents/,bangordailynews.com,English,United States,https://i0.wp.com/bdn-data.s3.amazonaws.com/uploads/2025/09/preview-519.jpg?fit=1024%2C927&ssl=1,2025-11-01T21:55:19.307351+00:00
GDELT,20250928T033000Z,Officials place Des Moines schools leader on leave after his arrest by immigration agents,https://www.winchesterstar.com/associated_press/washington/officials-place-des-moines-schools-leader-on-leave-after-his-arrest-by-immigration-agents/article_0955bd37-5015-505b-b4fb-6005db8a4746.html,winchesterstar.com,English,United States,https://bloximages.newyork1.vip.townnews.com/winchesterstar.com/content/tncms/assets/v3/editorial/9/c7/9c761d70-3b38-5e32-a462-d086804ba22e/68d87bfb694af.image.jpg?crop=335%2C335%2C17%2C0,2025-11-01T21:55:19.307355+00:00
GDELT,20250928T033000Z,Officials place Des Moines schools leader on leave after his arrest by immigration agents,https://www.gjsentinel.com/news/us/officials-place-des-moines-schools-leader-on-leave-after-his-arrest-by-immigration-agents/article_1f20cd89-e262-579a-ad0a-0b6e7379ae61.html,gjsentinel.com,English,United States,https://bloximages.newyork1.vip.townnews.com/gjsentinel.com/content/tncms/assets/v3/editorial/4/f4/4f4b19f0-5c7b-5947-95b8-d115fc34caff/68d7040e0570a.image.jpg?crop=335%2C335%2C17%2C0,2025-11-01T21:55:19.307361+00:00
GDELT,20250928T024500Z,Officials place Des Moines schools leader on leave after his arrest by immigration agents,https://www.yankton.net/news/national_ap/article_0a318acc-b9c3-5588-9670-05febd83d7d0.html,yankton.net,English,United States,https://bloximages.chicago2.vip.townnews.com/yankton.net/content/tncms/custom/image/4c91c334-88e5-11e7-b820-e722d3f7a1ed.jpg,2025-11-01T21:55:19.307365+00:00
GDELT,20250928T024500Z,Officials place Des Moines schools leader on leave after his arrest by immigration agents,https://www.news4jax.com/news/politics/2025/09/27/officials-place-des-moines-schools-leader-on-leave-after-his-arrest-by-immigration-agents/,news4jax.com,English,United States,"https://res.cloudinary.com/graham-media-group/image/upload/f_auto/q_auto/c_thumb,w_700/v1/media/gmg/CTRUDZEQ4RFL3I6Z375M7B64NE.jpg?_a=DATAg1eAZAA0",2025-11-01T21:55:19.307369+00:00
GDELT,20250928T024500Z,Officials place Des Moines schools leader on leave after his arrest by immigration agents,https://www.wfmj.com/story/53118455/officials-place-des-moines-schools-leader-on-leave-after-his-arrest-by-immigration-agents,wfmj.com,English,United States,https://APPREMIUM.images.worldnow.com/images/26758972_G.jpg?lastEditedDate=1759003232000,2025-11-01T21:55:19.307372+00:00
GDELT,20250928T024500Z,Officials place Des Moines schools leader on leave after his arrest by immigration agents,https://www.stardem.com/ap/nation/officials-place-des-moines-schools-leader-on-leave-after-his-arrest-by-immigration-agents/article_51035dee-1ab1-53a4-a0d6-5586134b0df7.html,stardem.com,English,United States,https://bloximages.chicago2.vip.townnews.com/stardem.com/content/tncms/assets/v3/editorial/3/5b/35b26422-a6bf-5a6a-9866-88866af07065/68d70a0162279.image.jpg?crop=335%2C335%2C17%2C0,2025-11-01T21:55:19.307376+00:00
GDELT,20250928T023000Z,Officials place Des Moines schools leader on leave after his arrest by immigration agents,https://www.mykxlg.com/news/national/officials-place-des-moines-schools-leader-on-leave-after-his-arrest-by-immigration-agents/article_d74f160c-dac4-5186-a3a1-69716c07742c.html,mykxlg.com,English,United States,,2025-11-01T21:55:19.307379+00:00
GDELT,20250928T023000Z,Officials place Des Moines schools leader on leave after his arrest by immigration agents,https://www.krmg.com/news/officials-place-des/TPSMXW65OFF53CQI53BD66WHNY/,krmg.com,English,United States,https://cmg-cmg-rd-20111-prod.cdn.arcpublishing.com/resizer/v2/https%3A%2F%2Fcloudfront-us-east-1.images.arcpublishing.com%2Fcmg%2F7PY5M4FV7TUWOEDF7YDGBMKXPE.jpg?auth=f2edbfcf325647846777d8d85df21817e0f003e5a77bbcc0af0031616e293b8b&smart=true,2025-11-01T21:55:19.307383+00:00
GDELT,20250928T023000Z,Officials place Des Moines schools leader on leave after his arrest by immigration agents,https://www.news-gazette.com/news/nation-world/officials-place-des-moines-schools-leader-on-leave-after-his-arrest-by-immigration-agents/article_565967b9-c909-52a0-8be9-57b343b34843.html,news-gazette.com,English,United States,https://bloximages.newyork1.vip.townnews.com/news-gazette.com/content/tncms/custom/image/3d3bfbd4-3cf5-11ec-9461-574a9d514a20.jpg,2025-11-01T21:55:19.307387+00:00
GDELT,20250928T023000Z,Officials place Des Moines schools leader on leave after his arrest by immigration agents,https://www.wandtv.com/news/national/officials-place-des-moines-schools-leader-on-leave-after-his-arrest-by-immigration-agents/article_97c5cd47-7a2b-57bf-9cae-11b9c1094b4f.html,wandtv.com,English,United States,https://bloximages.newyork1.vip.townnews.com/wandtv.com/content/tncms/assets/v3/editorial/8/0c/80cd101f-634f-4fad-af1f-868395492753/68d87b75b7c81.image.jpg?crop=335%2C335%2C17%2C0,2025-11-01T21:55:19.307392+00:00
GDELT,20250928T020000Z,Officials place Des Moines schools leader on leave after his arrest by immigration agents,https://mynorthwest.com/national/officials-place-des-moines-schools-leader-on-leave-after-his-arrest-by-immigration-agents/4136911,mynorthwest.com,English,United States,https://mynorthwest.com/wp-content/uploads/2025/09/Immigration-Des-Moines-Schools-Superintendent_57203.jpg,2025-11-01T21:55:19.307395+00:00
GDELT,20250928T014500Z,Officials place Des Moines schools leader on leave after his arrest by immigration agents,https://www.wgauradio.com/news/officials-place-des/TPSMXW65OFF53CQI53BD66WHNY/,wgauradio.com,English,United States,https://cmg-cmg-rd-20015-prod.cdn.arcpublishing.com/resizer/v2/https%3A%2F%2Fcloudfront-us-east-1.images.arcpublishing.com%2Fcmg%2F7PY5M4FV7TUWOEDF7YDGBMKXPE.jpg?auth=f2edbfcf325647846777d8d85df21817e0f003e5a77bbcc0af0031616e293b8b&smart=true,2025-11-01T21:55:19.307399+00:00
GDELT,20250928T013000Z,Officials place Des Moines schools leader on leave after his arrest by immigration agents,https://www.dailygazette.com/hv360/ap/national/officials-place-des-moines-schools-leader-on-leave-after-his-arrest-by-immigration-agents/article_1794ab2b-981a-5db2-ad60-20f06c193249.html,dailygazette.com,English,United States,https://bloximages.chicago2.vip.townnews.com/dailygazette.com/content/tncms/assets/v3/editorial/8/85/885899a1-0c5f-50f7-b963-41265df41e01/68d87c8b2ed40.image.jpg?crop=335%2C335%2C17%2C0,2025-11-01T21:55:19.307403+00:00
GDELT,20250928T013000Z,Officials place Des Moines schools leader on leave after his arrest by immigration agents,https://www.bozemandailychronicle.com/ap_news/politics/officials-place-des-moines-schools-leader-on-leave-after-his-arrest-by-immigration-agents/article_cc626302-5533-5196-813e-aae551c23256.html,bozemandailychronicle.com,English,United States,https://bloximages.chicago2.vip.townnews.com/bozemandailychronicle.com/content/tncms/assets/v3/editorial/5/50/5506da13-0b09-5ba8-b828-8a5702f1c165/68d747475836b.image.jpg?crop=335%2C335%2C17%2C0,2025-11-01T21:55:19.307407+00:00
GDELT,20250928T013000Z,Officials place Des Moines schools leader on leave after his arrest by immigration agents,https://www.ivpressonline.com/news/nation/officials-place-des-moines-schools-leader-on-leave-after-his-arrest-by-immigration-agents/article_c7b7fff5-6b13-5739-aa64-bdbf51eff93f.html,ivpressonline.com,English,United States,https://bloximages.newyork1.vip.townnews.com/ivpressonline.com/content/tncms/assets/v3/editorial/9/a2/9a250a04-b8a4-55d6-90fe-63a0b04fded0/68d7037a4e6f0.image.jpg?crop=335%2C335%2C17%2C0,2025-11-01T21:55:19.307410+00:00
GDELT,20250928T010000Z,Officials place Des Moines schools leader on leave after his arrest by immigration agents,https://www.goskagit.com/spotlight/officials-place-des-moines-schools-leader-on-leave-after-his-arrest-by-immigration-agents/article_566472cb-32cc-5a90-a690-a94fdfdf5742.html,goskagit.com,English,United States,https://bloximages.chicago2.vip.townnews.com/goskagit.com/content/tncms/assets/v3/editorial/2/96/296cee9c-d129-5ed9-809d-eb8252cea114/68d70a178a9bd.image.jpg?crop=335%2C335%2C17%2C0,2025-11-01T21:55:19.307416+00:00
GDELT,20250928T010000Z,Officials place Des Moines schools leader on leave after his arrest by immigration agents,https://www.wdbo.com/news/officials-place-des/TPSMXW65OFF53CQI53BD66WHNY/,wdbo.com,English,United States,https://cmg-cmg-rd-20082-prod.cdn.arcpublishing.com/resizer/v2/https%3A%2F%2Fcloudfront-us-east-1.images.arcpublishing.com%2Fcmg%2F7PY5M4FV7TUWOEDF7YDGBMKXPE.jpg?auth=f2edbfcf325647846777d8d85df21817e0f003e5a77bbcc0af0031616e293b8b&smart=true,2025-11-01T21:55:19.307419+00:00
GDELT,20250928T010000Z,Officials place Des Moines schools leader on leave after his arrest by immigration agents,https://siouxcityjournal.com/news/state-regional/iowa/article_19228fd8-9a21-5fbc-a0e6-c71bb6da36ed.html,siouxcityjournal.com,English,United States,https://bloximages.chicago2.vip.townnews.com/siouxcityjournal.com/content/tncms/assets/v3/editorial/f/f3/ff3b29a7-5717-5a59-8bfe-6fe78be85b1b/68d703c8a0216.image.jpg?crop=335%2C335%2C17%2C0,2025-11-01T21:55:19.307423+00:00
GDELT,20250927T213000Z,ICE detuvo a funcionario escolar al descubrir que ha vivido ilegalmente más de 20 años en EE . UU . ,https://laopinion.com/2025/09/27/ice-detuvo-a-funcionario-escolar-al-descubrir-que-ha-vivido-ilegalmente-mas-de-20-anos-en-ee-uu/,laopinion.com,Spanish,United States,https://laopinion.com/wp-content/uploads/sites/3/2025/09/ICE_79f903.jpg,2025-11-01T21:55:19.307426+00:00
GDELT,20250927T203000Z,Iowa Top School Superintendent Detained By ICE,https://www.blackenterprise.com/des-moines-ian-roberts-detained-ice/,blackenterprise.com,English,United States,https://blackenterprise-prod.b-cdn.net/wp-content/blogs.dir/1/files/2023/11/GettyImages-1592110723.jpg,2025-11-01T21:55:19.307429+00:00
GDELT,20250927T151500Z,The issue of drugs doesnt usually get showcased at the U . N . General Assembly . This year is different,https://www.columbian.com/news/2025/sep/27/the-issue-of-drugs-doesnt-usually-get-showcased-at-the-u-n-general-assembly-this-year-is-different/,columbian.com,English,United States,https://www.columbian.com/wp-content/themes/columbian2/static/img/og/default-2022.jpg,2025-11-01T21:55:19.307433+00:00
GDELT,20250927T024500Z,Vanity : Background on How the Des Moines School Board Hired an Illegal Alien as Superintendent,https://freerepublic.com/focus/f-bloggers/4342907/posts,freerepublic.com,English,United States,,2025-11-01T21:55:19.307438+00:00
GDELT,20250926T211500Z,"ICE Arrests Illegal Migrant Employed As School Superintendent , Caught With Loaded Gun , $3 , 000 In Cash",https://dailycaller.com/2025/09/26/ice-arrests-illegal-iowa-superintendent/,dailycaller.com,English,United States,"https://images.dailycaller.com/image/width=1280,height=549,fit=cover,format=webp,f=auto/https://cdn01.dailycaller.com/wp-content/uploads/2025/09/ICE-Agent-1-scaled-e1758916908477.jpg",2025-11-01T21:55:19.307443+00:00
GDELT,20250926T104500Z,SAIPEM - Saipem receives authorization to ... ,https://www.euro-petrole.com/saipem-receives-authorization-to-proceed-with-the-execution-of-hammerhead-offshore-project-by-exxonmobil-guyana-n-i-29037,euro-petrole.com,English,United States,http://www.euro-petrole.com/images_news/Saipem_ExxonMobil.jpg,2025-11-01T21:55:19.307448+00:00
GDELT,20250926T083000Z,The issue of drugs doesnt usually get showcased at the UN General Assembly . This year is different,https://www.keysnews.com/ap/international/the-issue-of-drugs-doesnt-usually-get-showcased-at-the-un-general-assembly-this-year/article_e6e5fd51-e911-506e-9bd8-e3f2bf76eb8d.html,keysnews.com,English,United States,https://bloximages.newyork1.vip.townnews.com/keysnews.com/content/tncms/assets/v3/editorial/7/ce/7ce71c8a-582e-500c-a0c0-ab7823ebc61d/68d5494d56ae4.image.jpg?crop=1763%2C926%2C0%2C125,2025-11-01T21:55:19.307451+00:00
GDELT,20250926T061500Z,NYPD using distinct tattoos found on dismembered body in Queens to help ID victim,https://nypost.com/2025/09/26/us-news/nypd-using-distinct-tattoos-found-on-dismembered-body-in-queens-to-help-id-victim/,nypost.com,English,United States,https://nypost.com/wp-content/uploads/sites/2/2025/09/tattoos-comp-1.jpg?quality=75&strip=all,2025-11-01T21:55:19.307456+00:00
GDELT,20250926T023000Z,"Human remains found in Queens park belonged to unknown woman missing arms , legs : NYPD",https://www.amny.com/news/human-remains-queens-park-unknown-woman-09252025/,amny.com,English,United States,https://www.amny.com/wp-content/uploads/2023/11/dcaef703-800b-41e0-bfe0-c3190cfea778.jpeg?quality=51&p=q,2025-11-01T21:55:19.307461+00:00
GDELT,20250926T013000Z,Headless torso dumped in Queens park may be missing Guyanese woman : NYPD,https://www.nydailynews.com/2025/09/25/headless-torso-dumped-queens-park-may-be-missing-guyanese-woman-nypd/,nydailynews.com,English,United States,https://www.nydailynews.com/wp-content/uploads/2025/09/Screenshot-2025-09-23-100208.jpg,2025-11-01T21:55:19.307465+00:00
GDELT,20250926T003000Z,The issue of drugs doesnt usually get showcased at the UN General Assembly . This year is different,https://abcnews.go.com/US/wireStory/issue-drugs-showcased-general-assembly-year-125919658,abcnews.go.com,English,United States,https://i.abcnewsfe.com/a/baeb8048-d32a-4611-a46f-9c4e4a4a5ac2/wirestory_0be2f43499aa3da36d388a8ad14652e8_16x9.jpg,2025-11-01T21:55:19.307469+00:00
GDELT,20250926T003000Z,"Torso of woman found near Queens - Nassau border , NYPD says",https://www.newsday.com/news/new-york/crime/torso-queens-nypd-police-cwbo43wz,newsday.com,English,United States,https://cdn.newsday.com/ace/c:OThiNTVlOTItOGQ4YS00:Zjk3ZjI2ZmItZTJmNS00/landscape/1280,2025-11-01T21:55:19.307472+00:00
GDELT,20250925T150000Z,The issue of drugs doesnt usually get showcased at the UN General Assembly . This year is different,https://abcnews.go.com/Health/wireStory/issue-drugs-showcased-general-assembly-year-125919663,abcnews.go.com,English,United States,https://i.abcnewsfe.com/a/baeb8048-d32a-4611-a46f-9c4e4a4a5ac2/wirestory_0be2f43499aa3da36d388a8ad14652e8_16x9.jpg,2025-11-01T21:55:19.307477+00:00
GDELT,20250925T140000Z,Venezuela acusa a Guyana de manipular narrativa sobre territorio en disputa,https://www.telesurtv.net/venezuela-acusa-a-guyana-de-manipular-narrativa-sobre-territorio-en-disputa/,telesurtv.net,Spanish,United States,https://ikona.telesurtv.net/content/uploads/2025/09/canciller-yvan-gil.jpg.webp,2025-11-01T21:55:19.307480+00:00
GDELT,20250925T124500Z,The issue of drugs doesnt usually get showcased at the UN General Assembly . This year is different,https://www.ksat.com/news/world/2025/09/25/the-issue-of-drugs-doesnt-usually-get-showcased-at-the-un-general-assembly-this-year-is-different/,ksat.com,English,United States,"https://res.cloudinary.com/graham-media-group/image/upload/f_auto/q_auto/c_thumb,w_700/v1/media/gmg/XRKZLMAJCJHMVCQ54Y6XLLKK44.jpg?_a=DATAg1eAZAA0",2025-11-01T21:55:19.307484+00:00
GDELT,20250925T123000Z,The issue of drugs doesnt usually get showcased at the UN General Assembly . This year is different,https://www.mymotherlode.com/news/national/4348510/the-issue-of-drugs-doesnt-usually-get-showcased-at-the-un-general-assembly-this-year-is-different.html,mymotherlode.com,English,United States,https://www.mymotherlode.com/wp-content/uploads/2025/09/AP_ea434dab5e2543ec9ad273921a52c6ef_7eb33f98de.jpg,2025-11-01T21:55:19.307487+00:00
GDELT,20250925T121500Z,The issue of drugs doesnt usually get showcased at the UN General Assembly . This year is different,https://www.somdnews.com/ap/world/the-issue-of-drugs-doesnt-usually-get-showcased-at-the-un-general-assembly-this-year/article_93547c33-a3f9-5e47-a190-25e0f7cba794.html,somdnews.com,English,United States,https://bloximages.chicago2.vip.townnews.com/somdnews.com/content/tncms/assets/v3/editorial/1/b0/1b023fe0-bc5f-53e2-8a87-bf598ccb660e/68d52a0318811.image.jpg?crop=1763%2C926%2C0%2C125,2025-11-01T21:55:19.307490+00:00
GDELT,20250925T121500Z,The issue of drugs doesnt usually get showcased at the UN General Assembly . This year is different,"http://www.sitkasentinel.com/stories/the-issue-of-drugs-doesnt-usually-get-showcased-at-the-un-general-assembly-this-year-is-different,75361",sitkasentinel.com,English,United States,https://mapi.associatedpress.com/v2/items/ea434dab5e2543ec9ad273921a52c6ef.0/preview/preview.jpg?nfe=true&s=512&wm=false&app=MPK&tag=iid~ea434dab5e2543ec9ad273921a52c6ef!rsn~0!cid~1f98a9a6ec9c4f31907b93b822673a49!orgId~48830!qt~s3OdSZQBnbeI!orgNm~DAILY%20SITKA%20SENTINEL!role~Preview!mt~photo!fmt~JPEG%20Baseline,2025-11-01T21:55:19.307493+00:00
GDELT,20250925T120000Z,The issue of drugs doesnt usually get showcased at the UN General Assembly . This year is different,https://www.wsls.com/news/world/2025/09/25/the-issue-of-drugs-doesnt-usually-get-showcased-at-the-un-general-assembly-this-year-is-different/,wsls.com,English,United States,"https://res.cloudinary.com/graham-media-group/image/upload/f_auto/q_auto/c_thumb,w_700/v1/media/gmg/XRKZLMAJCJHMVCQ54Y6XLLKK44.jpg?_a=DATAg1eAZAA0",2025-11-01T21:55:19.307497+00:00
GDELT,20250925T110000Z,The issue of drugs doesnt usually get showcased at the UN General Assembly . This year is different,https://www.bozemandailychronicle.com/ap_news/international/the-issue-of-drugs-doesnt-usually-get-showcased-at-the-un-general-assembly-this-year/article_20ab05a7-6662-5d75-926a-1f47ba023ce8.html,bozemandailychronicle.com,English,United States,https://bloximages.chicago2.vip.townnews.com/bozemandailychronicle.com/content/tncms/assets/v3/editorial/b/0d/b0dc6fa4-a2e6-568f-aefd-1146a485175c/68d34abc932ef.image.jpg?crop=1763%2C926%2C0%2C125,2025-11-01T21:55:19.307500+00:00
GDELT,20250925T023000Z,Secretary Rubio Meeting with Guyanese President Ali - United States Department of State,https://www.state.gov/releases/2025/09/secretary-rubios-meeting-with-guyanese-president-ali/,state.gov,English,United States,https://www.state.gov/wp-content/uploads/2025/01/Press_Release_Alabaster.png,2025-11-01T21:55:19.307503+00:00
GDELT,20250923T151500Z,ExxonMobil takes FID on Hammerhead project in Guyana Stabroek block,https://finance.yahoo.com/news/exxonmobil-takes-fid-hammerhead-project-144236189.html,finance.yahoo.com,English,United States,https://s.yimg.com/ny/api/res/1.2/e0wqov.tROkb.UxiadDMXQ--/YXBwaWQ9aGlnaGxhbmRlcjt3PTEyMDA7aD02NzU-/https://media.zenfs.com/en/offshore_technology_431/0139ce739274151a4eb3971f53d508d5,2025-11-01T21:55:19.307506+00:00
GDELT,20250923T090000Z,Stabroek Partners Greenlight 7th Project,https://www.rigzone.com/news/stabroek_partners_greenlight_7th_project-23-sep-2025-181873-article/,rigzone.com,English,United States,https://images.rigzone.com/images/news/articles/Stabroek-Partners-Greenlight-7th-Project-181873-1200x628.png,2025-11-01T21:55:19.307513+00:00
GDELT,20250922T170000Z,Exxon greenlights $6 . 8 billion investment for Hammerhead project in Guyana,https://finance.yahoo.com/news/exxon-greenlights-investment-hammerhead-project-153945632.html,finance.yahoo.com,English,United States,https://media.zenfs.com/en/reuters-finance.com/4a9f9b53f40b14b73373342af6c29e30,2025-11-01T21:55:19.307516+00:00
GDELT,20250920T190000Z,"Texas Eats : Spicy ramen bowls in Austin , wok - fired fusion in SA and legendary Houston BBQ",https://www.ksat.com/texas-eats/2025/09/20/texas-eats-spicy-ramen-bowls-in-austin-wok-fired-fusion-in-sa-and-legendary-houston-bbq/,ksat.com,English,United States,"https://res.cloudinary.com/graham-media-group/image/upload/f_auto/q_auto/c_thumb,w_700/v1/media/anyclip/fstl-tf/qvu9Z5kBwaVW_9Si4Bmr/1758383396373_1920x1080_thumbnail.jpg?_a=DATAg1eAZAA0",2025-11-01T21:55:19.307521+00:00
GDELT,20250918T070000Z,Immigrants have helped make CT better,https://ctmirror.org/2025/09/18/immigrants-indispensable-and-consequential-impact-in-connecticut-asha/,ctmirror.org,English,United States,https://ctmirror.org/wp-content/uploads/2025/09/immigrant-heritage.jpg,2025-11-01T21:55:19.307524+00:00
GDELT,20250917T003000Z,Venezuela Issues Warning to Guyana and Trinidad and Tobago Over Possible Retaliation,http://www.hngn.com/articles/268113/20250916/venezuela-issues-warning-guyana-trinidad-tobago-over-possible-retaliation.htm,hngn.com,English,United States,https://d.hngn.com/en/full/299842/venezuela-warship.jpg,2025-11-01T21:55:19.307527+00:00
GDELT,20250916T204500Z,Guyana autoriza operaciones a mineras de Canadá en el Esequibo,https://www.telesurtv.net/guyana-autoriza-operaciones-mineras-canada-esequibo/,telesurtv.net,Spanish,United States,https://ikona.telesurtv.net/content/uploads/2025/09/oro-guyana.jpg.webp,2025-11-01T21:55:19.307531+00:00
GDELT,20250916T193000Z,Venezuela Issues Warning to Guyana and Trinidad and Tobago Over Possible Retaliation,https://www.hngn.com/articles/268113/20250916/venezuela-issues-warning-guyana-trinidad-tobago-over-possible-retaliation.htm,hngn.com,English,United States,https://d.hngn.com/en/full/299842/venezuela-warship.jpg,2025-11-01T21:55:19.307535+00:00
GDELT,20250916T174500Z,Venezuela Issues Warning to Guyana and Trinidad and Tobago Over Possible Retaliation,https://www.latintimes.com/venezuela-issues-warning-guyana-trinidad-tobago-over-possible-retaliation-589630,latintimes.com,English,United States,https://d.latintimes.com/en/full/583143/venezuela-warship.jpg,2025-11-01T21:55:19.307538+00:00
GDELT,20250916T174500Z,Cheaper Power by 2026 : Guyana GTE Project Ramps Up . - The St Kitts Nevis Observer,https://www.thestkittsnevisobserver.com/cheaper-power-by-2026-guyanas-gte-project-ramps-up/,thestkittsnevisobserver.com,English,United States,https://www.thestkittsnevisobserver.com/wp-content/uploads/guyana-gas-to-electricity-works.jpg,2025-11-01T21:55:19.307541+00:00
GDELT,20250916T174500Z,"In Oil - Rich Guyana , Ali Landslide Reelection Masks Simmering Challenges",https://www.yahoo.com/news/articles/oil-rich-guyana-ali-landslide-133227414.html,yahoo.com,English,United States,https://s.yimg.com/ny/api/res/1.2/sBxb1CaIiXJ3rzgstCuLWQ--/YXBwaWQ9aGlnaGxhbmRlcjt3PTEyMDA7aD04MDA7Y2Y9d2VicA--/https://media.zenfs.com/en/world_politics_review_articles_589/ea45fa074f25dd2fce951dc8c44eb666,2025-11-01T21:55:19.307544+00:00
GDELT,20250916T021500Z,"Ruling party wins big in surprise - filled Guyana election , but challenges remain",https://www.sfltimes.com/opinion/ruling-party-wins-big-in-surprise-filled-guyana-election-but-challenges-remain,sfltimes.com,English,United States,https://www.sfltimes.com/wp-content/uploads/2025/09/4.15.jpg,2025-11-01T21:55:19.307549+00:00
GDELT,20250916T013000Z,Maduro afirma que EE . UU . prepara  agresión  de  carácter militar  contra Venezuela,https://www.crhoy.com:443/maduro-afirma-que-ee-uu-prepara-agresion-de-caracter-militar-contra-venezuela-2/,crhoy.com,Spanish,United States,https://media.hoy.cr/wp-content/uploads/2025/09/AFP__20250901__733Q6UX__v1__MidRes__VenezuelaUsGuyanaDiplomacyPresser.jpg,2025-11-01T21:55:19.307552+00:00
GDELT,20250915T224500Z,"Umar Hakim - Dey , a pillar of SoCal Muslim community , has died",https://laist.com/news/politics/umar-hakim-dey-obituary-socal-muslim-community,laist.com,English,United States,http://scpr-brightspot.s3.us-west-2.amazonaws.com/a4/59/e46fcc3847489ac0dd7be3659751/umar-hakim-dey.jpg,2025-11-01T21:55:19.307556+00:00
GDELT,20250915T224500Z,SoCal Muslim leader dies,https://laist.com/brief/news/politics/umar-hakim-dey-obituary-socal-muslim-community,laist.com,English,United States,http://scpr-brightspot.s3.us-west-2.amazonaws.com/a4/59/e46fcc3847489ac0dd7be3659751/umar-hakim-dey.jpg,2025-11-01T21:55:19.307559+00:00
GDELT,20250915T184500Z,Fear threatens Hispanic Heritage Month celebrations – NBC New York,https://www.nbcnewyork.com/news/national-international/hispanic-heritage-month-fear-threatens-celebrations/6391605/,nbcnewyork.com,English,United States,https://media.nbcnewyork.com/2024/09/AP24256705464475.jpg?quality=85&strip=all&crop=0px%2C258px%2C6000px%2C3375px,2025-11-01T21:55:19.307562+00:00
GDELT,20250915T173000Z,Fear threatens Hispanic Heritage Month celebrations – NBC 7 San Diego,https://www.nbcsandiego.com/news/national-international/hispanic-heritage-month-fear-threatens-celebrations/3900964/,nbcsandiego.com,English,United States,https://media.nbcsandiego.com/2024/09/AP24256705464475.jpg?quality=85&strip=all&crop=0px%2C258px%2C6000px%2C3375px,2025-11-01T21:55:19.307566+00:00
GDELT,20250912T184500Z,"Deja Brew Café celebrates first anniversary in Richmond Hill with art market , community sips – QNS",https://qns.com/2025/09/deja-brew-cafe-first-anniversary-richmond-hill/,qns.com,English,United States,https://qns.com/wp-content/uploads/2025/09/Storefront-1.jpg?quality=51&p=q,2025-11-01T21:55:19.307571+00:00
GDELT,20250912T023000Z,"Guyana , Jamaica governments get five more years",https://amsterdamnews.com/news/2025/09/11/guyana-jamaica-government-get-five-more-years/,amsterdamnews.com,English,United States,https://amsterdamnews.com/wp-content/uploads/2025/09/AP-Holness-Jamaica-election-AP25247494024552-scaled.jpg,2025-11-01T21:55:19.307575+00:00
GDELT,20250910T211500Z,Expat Diaries : Black Women On What To Know Before Moving To The Caribbean,https://www.essence.com/lifestyle/travel/moving-to-the-caribbean/,essence.com,English,United States,https://www.essence.com/wp-content/uploads/2025/09/GettyImages-83585705-1-1920x1080.jpg,2025-11-01T21:55:19.307580+00:00
GDELT,20250910T003000Z,Guyana Irfaan Ali Wins Reelection as Country Navigates Oil Boom,https://www.as-coa.org/articles/guyanas-irfaan-ali-wins-reelection-country-navigates-oil-boom,as-coa.org,English,United States,https://www.as-coa.org/themes/custom/ascoa/images/ascoa_default_image.jpg,2025-11-01T21:55:19.307583+00:00
GDELT,20250908T213000Z,What Guyanese President Irfaan Ali is likely to focus on in his second term,https://www.atlanticcouncil.org/blogs/new-atlanticist/what-guyanese-president-irfaan-ali-is-likely-to-focus-on-in-his-second-term/,atlanticcouncil.org,English,United States,https://www.atlanticcouncil.org/wp-content/uploads/2025/09/2025-09-07T162833Z_6620891_RC2SLDAPAJ9K_RTRMADP_3_GUYANA-POLITICS-scaled.jpg,2025-11-01T21:55:19.307587+00:00
GDELT,20250908T211500Z,Two Sisters Jamaica Turns Rum And Recipes Into Cultural Immersion,https://www.forbes.com/sites/ginapace/2025/09/08/two-sisters-jamaica-turns-rum-and-recipes-into-cultural-immersion/,forbes.com,English,United States,https://imageio.forbes.com/specials-images/imageserve/68bf320218e0925c1d04fbbe/0x0.jpg?format=jpg&fit=bounds,2025-11-01T21:55:19.307591+00:00
GDELT,20250908T170000Z,"  Love , Brooklyn  Helmer Rachael Holder Signs with ColorCreative For Management",https://deadline.com/2025/09/love-brooklyn-rachael-holder-signs-with-colorcreative-management-1236511809/,deadline.com,English,United States,https://deadline.com/wp-content/uploads/2025/01/Love-Brooklyn.jpg,2025-11-01T21:55:19.307596+00:00
GDELT,20250908T034500Z,Sonia Boyce debuts new films and installations at Hauser & Wirth,https://artdaily.com/news/185263/Sonia-Boyce-debuts-new-films-and-installations-at-Hauser---Wirth,artdaily.com,English,United States,,2025-11-01T21:55:19.307600+00:00
GDELT,20250908T014500Z,Influencer Lola Doll in critical condition after being shot outside home,https://nypost.com/2025/09/07/world-news/influencer-lola-doll-in-critical-condition-after-being-shot-outside-home/,nypost.com,English,United States,https://nypost.com/wp-content/uploads/sites/2/2025/09/Comp-Lola-Doll-Shot-1.jpg?quality=75&strip=all,2025-11-01T21:55:19.307603+00:00
GDELT,20250907T234500Z,Irfaan Ali sworn in for second term as Guyana President,https://efe.com/en/latest-news/2025-09-07/irfaan-ali-second-term-guyanas-president/,efe.com,English,United States,https://efe.com/wp-content/uploads/2025/09/rss-efef331e9c83e2ed55627c8492ebe380b4236b41a75w.webp,2025-11-01T21:55:19.307607+00:00
GDELT,20250907T073000Z,Irfaan Ali re - elected for second term as oil - rich Guyana president,https://www.yahoo.com/news/articles/irfaan-ali-reelected-second-term-065436902.html,yahoo.com,English,United States,https://s.yimg.com/ny/api/res/1.2/Q6EbQdRwX3DQRvEWiOC70Q--/YXBwaWQ9aGlnaGxhbmRlcjt3PTEyMDA7aD04MDA7Y2Y9d2VicA--/https://media.zenfs.com/en/al_jazeera_289/9be7bd70c98b04c7eaa9ee0ef79e42e0,2025-11-01T21:55:19.307611+00:00
GDELT,20250906T134500Z,"Guyana , Venezuela , election interference | Homeland Security Newswire",https://www.homelandsecuritynewswire.com/dr20250906-guyana-s-president-wins-another-term-in-election-watched-keenly-by-venezuela-and-u-s,homelandsecuritynewswire.com,English,United States,,2025-11-01T21:55:19.307617+00:00
GDELT,20250906T093000Z,Ruth Leon recommends .. Alterations - National Theatre,https://slippedisc.com/2025/09/ruth-leon-recommends-alterations-national-theatre/,slippedisc.com,English,United States,https://slippedisc.com/wp-content/uploads/2025/09/unnamed-1.jpg,2025-11-01T21:55:19.307620+00:00
GDELT,20250906T020000Z,"New Music Fridays : The Hottest Caribbean Releases You Need This Weekend - Grenada Chronicle – Daily Grenada & Caribbean News , Culture & Business",https://grenadachronicle.com/new-music-fridays-the-hottest-caribbean-releases-you-need-this-weekend/,grenadachronicle.com,English,United States,,2025-11-01T21:55:19.307624+00:00
GDELT,20250906T003000Z,"New Music Fridays : The Hottest Caribbean Releases You Need This Weekend - Dominican Republic Post – Caribbean News , Business , Travel & Culture",https://dominicanrepublicpost.com/new-music-fridays-the-hottest-caribbean-releases-you-need-this-weekend/,dominicanrepublicpost.com,English,United States,,2025-11-01T21:55:19.307628+00:00
GDELT,20250905T233000Z,Putin : Foreign Troops in Ukraine Would Be  Legitimate Target – Foreign Policy,https://foreignpolicy.com/2025/09/05/putin-russia-ukraine-foreign-troops-legitimate-targets-security-guarantees/,foreignpolicy.com,English,United States,https://foreignpolicy.com/wp-content/uploads/2025/09/putin-troops-ukraine-russia-war-GettyImages-2232962158.jpg,2025-11-01T21:55:19.307633+00:00
GDELT,20250905T214500Z,Putin : Foreign Troops in Ukraine Would Be  Legitimate Target – Foreign Policy,https://foreignpolicy.com/2025/09/05/putin-russia-ukraine-foreign-troops-legitimate-targets-security-guarantees/?tpcc=recirc_trending062921,foreignpolicy.com,English,United States,https://foreignpolicy.com/wp-content/uploads/2025/09/putin-troops-ukraine-russia-war-GettyImages-2232962158.jpg,2025-11-01T21:55:19.307636+00:00
GDELT,20250905T214500Z,Trump Venezuela Strike : How Are Regional Leaders Responding to U . S . Attack ? ,https://foreignpolicy.com/2025/09/04/trump-venezuela-strike-tren-aragua-mexico-brazil-colombia/?tpcc=recirc_trending062921,foreignpolicy.com,English,United States,https://foreignpolicy.com/wp-content/uploads/2025/09/Venezuela-US-Maduro-GettyImages-2232323976.jpg,2025-11-01T21:55:19.307641+00:00
GDELT,20250905T214500Z,Guyana president leads following general election in country awash in oil and gas wealth,https://www.the-messenger.com/news/world/article_cb208094-59bb-5ca2-93b1-1e67f6167f09.html,the-messenger.com,English,United States,https://bloximages.chicago2.vip.townnews.com/the-messenger.com/content/tncms/assets/v3/editorial/7/6e/76e6c05f-6546-5cb1-9a02-78b6fb43a225/68bb1bd4944a9.image.jpg?crop=1763%2C926%2C0%2C124,2025-11-01T21:55:19.307645+00:00
GDELT,20250905T190000Z,Guyana president leads following general election in country awash in oil and gas wealth,https://www.mymotherlode.com/news/national/general-election/4276473/guyanas-president-leads-following-general-election-in-country-awash-in-oil-and-gas-wealth.html,mymotherlode.com,English,United States,https://www.mymotherlode.com/wp-content/uploads/2025/09/AP_b58d161de6164e96a4f080be348f2114_6611368f56.jpg,2025-11-01T21:55:19.307650+00:00
GDELT,20250905T180000Z,Guyana president leads following general election in country awash in oil and gas wealth,https://www.yahoo.com/news/articles/guyanas-president-leads-following-general-171317358.html,yahoo.com,English,United States,https://s.yimg.com/ny/api/res/1.2/pTJZ7qVaXb.6yDLsvfnBww--/YXBwaWQ9aGlnaGxhbmRlcjt3PTEyMDA7aD04MDA7Y2Y9d2VicA--/https://media.zenfs.com/en/ap.org/270750da900c445ddd98108e2c083770,2025-11-01T21:55:19.307654+00:00
GDELT,20250905T173000Z,Venezuelan fighter jets make aggressive low pass over USS Jason Dunham in Caribbean amid rising regional tensions,https://www.flightglobal.com/fixed-wing/venezuelan-fighters-make-low-pass-over-us-navy-destroyer/164406.article,flightglobal.com,English,United States,https://d3lcr32v2pp4l1.cloudfront.net/Pictures/1024x536/4/1/7/112417_9261797_908886.jpg,2025-11-01T21:55:19.307657+00:00
GDELT,20250905T171500Z,REACTION : Irfaan Ali Claims Reelection Victory in Guyana,https://www.as-coa.org/articles/reaction-irfaan-ali-claims-reelection-victory-guyana,as-coa.org,English,United States,https://www.as-coa.org/themes/custom/ascoa/images/ascoa_default_image.jpg,2025-11-01T21:55:19.307661+00:00
GDELT,20250905T013000Z,Who Is Bruce Willis Wife ? All About Model and Author Emma Heming Willis,https://www.instyle.com/bruce-willis-wife-emma-heming-willis-11803291,instyle.com,English,United States,https://www.instyle.com/thmb/xDSRr5wmRgpIfT09dzC6l7aOZQc=/1500x0/filters:no_upscale():max_bytes(150000):strip_icc()/GettyImages-11805319612-580d2da7b7ab460194ffb4334dc48ee3.jpg,2025-11-01T21:55:19.307664+00:00
GDELT,20250904T200000Z,Guyana president wins another term in election watched keenly by Venezuela and US,http://www.caribbeanherald.com/news/278553309/guyana-president-wins-another-term-in-election-watched-keenly-by-venezuela-and-us,caribbeanherald.com,English,United States,https://image.chitra.live/api/v1/wps/a0b2cda/adb8e27e-aa27-4a46-af56-48c04e31a9ad/0/MzEwZjk0ZjEtNzM-600x315.jpg,2025-11-01T21:55:19.307667+00:00
GDELT,20250904T091500Z,Carter Center Commends Smooth Voting Process ; Encourages Future Reforms,https://www.pressreleasepoint.com/carter-center-commends-smooth-voting-process-encourages-future-reforms,pressreleasepoint.com,English,United States,,2025-11-01T21:55:19.307671+00:00
GDELT,20250904T080000Z,"Schenectady 2025 : Neighborhoods , those working to improve | Business",https://www.dailygazette.com/news/business/schenectady-2025-neighborhoods-stockade-goose-hill/article_66df8ca4-411d-4456-b6ea-66f94fafcf81.html,dailygazette.com,English,United States,https://bloximages.chicago2.vip.townnews.com/dailygazette.com/content/tncms/assets/v3/editorial/e/5b/e5b39e5c-854b-4aaf-8e3a-92bc6a831382/68b8fe044ef94.image.jpg?crop=1197%2C627%2C1%2C0,2025-11-01T21:55:19.307674+00:00
GDELT,20250904T063000Z,Guyana Pro - Oil President Wins Re - Election,https://oilprice.com/Latest-Energy-News/World-News/Guyanas-Pro-Oil-President-Wins-Re-Election.html,oilprice.com,English,United States,,2025-11-01T21:55:19.307678+00:00
GDELT,20250904T063000Z,"Schenectady 2025 : Neighborhoods , those working to improve | Business",https://www.dailygazette.com/leader_herald/news/business/schenectady-2025-neighborhoods-stockade-goose-hill/article_66df8ca4-411d-4456-b6ea-66f94fafcf81.html,dailygazette.com,English,United States,https://bloximages.chicago2.vip.townnews.com/dailygazette.com/content/tncms/assets/v3/editorial/e/5b/e5b39e5c-854b-4aaf-8e3a-92bc6a831382/68b8fe044ef94.image.jpg?crop=1197%2C627%2C1%2C0,2025-11-01T21:55:19.307681+00:00
GDELT,20250904T043000Z,Guyanese President Irfaan Ali claims reelection,https://www.dailygazette.com/news/national/guyanese-president-irfaan-ali-claims-reelection/article_ac27862f-47e7-5cf7-a64b-9a838455ebe0.html,dailygazette.com,English,United States,https://bloximages.chicago2.vip.townnews.com/dailygazette.com/content/tncms/assets/v3/editorial/3/8b/38bf5d41-64c9-5014-97b5-e6399c4adfa6/68b8e91c4e4df.image.jpg?crop=331%2C331%2C90%2C0,2025-11-01T21:55:19.307686+00:00
GDELT,20250904T033000Z,Guyana President Irfaan Ali : oil industry  puppet  or visionary ? ,https://www.newsargus.com/news/national/guyanas-president-irfaan-ali-oil-industry-puppet-or-visionary/article_fa6c8c8e-1009-5646-a64d-478c9e12a01d.html,newsargus.com,English,United States,https://bloximages.newyork1.vip.townnews.com/newsargus.com/content/tncms/assets/v3/editorial/3/7b/37b41d73-7fda-5666-ab73-f59b246851d1/68b8f6611f4c9.image.jpg?crop=341%2C341%2C85%2C0,2025-11-01T21:55:19.307691+00:00
GDELT,20250904T031500Z,Guyana President Irfaan Ali : oil industry  puppet  or visionary ? ,https://www.lebanondemocrat.com/maconcounty/news/national/guyanas-president-irfaan-ali-oil-industry-puppet-or-visionary/article_653545ac-4e54-579f-aabf-2e69040de898.html,lebanondemocrat.com,English,United States,https://bloximages.chicago2.vip.townnews.com/lebanondemocrat.com/content/tncms/assets/v3/editorial/8/cf/8cf76333-6538-544c-a0ea-4863e3284c5b/68b8f69c959da.image.jpg?crop=341%2C341%2C85%2C0,2025-11-01T21:55:19.307695+00:00
GDELT,20250904T024500Z,Guyana President Irfaan Ali : oil industry  puppet  or visionary ? ,https://www.lebanondemocrat.com/news/national/guyanas-president-irfaan-ali-oil-industry-puppet-or-visionary/article_653545ac-4e54-579f-aabf-2e69040de898.html,lebanondemocrat.com,English,United States,https://bloximages.chicago2.vip.townnews.com/lebanondemocrat.com/content/tncms/assets/v3/editorial/8/cf/8cf76333-6538-544c-a0ea-4863e3284c5b/68b8f69c959da.image.jpg?crop=341%2C341%2C85%2C0,2025-11-01T21:55:19.307698+00:00
GDELT,20250904T024500Z,Guyana President Irfaan Ali : oil industry  puppet  or visionary ? ,https://www.fairfieldsuntimes.com/news/national/guyanas-president-irfaan-ali-oil-industry-puppet-or-visionary/article_6d0583e8-c46b-5b6c-b5ce-86059bb41b5c.html,fairfieldsuntimes.com,English,United States,https://bloximages.newyork1.vip.townnews.com/fairfieldsuntimes.com/content/tncms/assets/v3/editorial/b/6a/b6a7e863-e4f0-5dd5-a1bd-b150548d8980/68b8f6a81ab91.image.jpg?crop=341%2C341%2C85%2C0,2025-11-01T21:55:19.307702+00:00
GDELT,20250904T020000Z,Guyana President Irfaan Ali : oil industry  puppet  or visionary ? ,https://www.yahoo.com/news/articles/guyanas-president-irfaan-ali-oil-011617848.html,yahoo.com,English,United States,https://media.zenfs.com/en/afp.com/b346404b68e1cccfaa17e1e5c7f4a4e3,2025-11-01T21:55:19.307705+00:00
GDELT,20250904T020000Z,Guyanese President Irfaan Ali claims reelection,https://www.wataugademocrat.com/news/national/guyanese-president-irfaan-ali-claims-reelection/article_e5f3e3ad-d1c8-5868-b9da-4028b40f1d25.html,wataugademocrat.com,English,United States,https://bloximages.chicago2.vip.townnews.com/wataugademocrat.com/content/tncms/assets/v3/editorial/b/e6/be637c41-d843-5adf-b57a-0a70600f6b7e/68b8e81f30aec.image.jpg?crop=331%2C331%2C90%2C0,2025-11-01T21:55:19.307710+00:00
GDELT,20250904T014500Z,Guyana President Irfaan Ali : Oil Industry  Puppet  Or Visionary ? ,https://www.ibtimes.com/guyanas-president-irfaan-ali-oil-industry-puppet-visionary-3782449,ibtimes.com,English,United States,https://d.ibtimes.com/en/full/4619620/guyanese-president-irfaan-ali-has-won-reelection-second-five-year-term.jpg,2025-11-01T21:55:19.307714+00:00
GDELT,20250904T014500Z,Guyanese President Irfaan Ali claims reelection,https://www.kten.com/news/guyanese-president-irfaan-ali-claims-reelection/article_a010f0ea-377c-5be8-9f6c-ea8a418d240c.html,kten.com,English,United States,https://bloximages.chicago2.vip.townnews.com/kten.com/content/tncms/assets/v3/editorial/2/da/2daadc62-0fa8-5811-9267-a2decb6ead4f/68b8e85ef113e.image.jpg?crop=331%2C331%2C90%2C0,2025-11-01T21:55:19.307717+00:00
GDELT,20250904T014500Z,Guyanese President Irfaan Ali claims election victory,https://www.yahoo.com/news/articles/guyanese-president-irfaan-ali-claims-010242965.html,yahoo.com,English,United States,https://media.zenfs.com/en/afp.com/77cc41e7d67f946b9d99f509cfb5dfa3,2025-11-01T21:55:19.307721+00:00
GDELT,20250904T013000Z,Guyanese President Irfaan Ali Claims Election Victory,https://www.ibtimes.com/guyanese-president-irfaan-ali-claims-election-victory-3782445,ibtimes.com,English,United States,https://d.ibtimes.com/en/full/4619601/guyanas-president-irfaan-ali-has-won-re-election-another-five-year-term.jpg,2025-11-01T21:55:19.307724+00:00
GDELT,20250904T010000Z,Guyanese President Irfaan Ali claims reelection,https://www.yahoo.com/news/articles/guyanese-president-irfaan-ali-claims-002609911.html,yahoo.com,English,United States,https://media.zenfs.com/en/afp.com/49e02892245e638171c5511643c5e7a0,2025-11-01T21:55:19.307727+00:00
GDELT,20250903T204500Z,Deadline,https://deadline.com/print-article/1236505740/,deadline.com,English,United States,https://s0.wp.com/_si/?t=eyJpbWciOiJodHRwczpcL1wvZGVhZGxpbmUuY29tXC93cC1jb250ZW50XC91cGxvYWRzXC8yMDE5XC8wNFwvY3JvcHBlZC1pY29uLTUxMng1MTIucG5nIiwidHh0IjoiRGVhZGxpbmUiLCJ0ZW1wbGF0ZSI6ImVkZ2UiLCJmb250IjoiIiwiYmxvZ19pZCI6MTc5MjkwMTQ5fQ.IHL7P_bYC7Sr4W2XvHh7kLwSO5arBq8LoHSjTj-l-uAMQ,2025-11-01T21:55:19.307730+00:00
GDELT,20250903T193000Z,"Wayne Brady And Lulu Set For London Concert Of  To Sir , With Love  Musical",https://deadline.com/2025/09/wayne-brady-lulu-to-sir-with-love-london-1236505740/,deadline.com,English,United States,https://deadline.com/wp-content/uploads/2025/09/Wayne-Brady-and-Lulu.jpg,2025-11-01T21:55:19.307733+00:00
GDELT,20250903T184500Z,Guyana se alianza con EE . UU . ante presión de Venezuela,https://www.diariolibre.com/usa/actualidad/2025/09/03/guyana-se-alianza-con-ee-uu-ante-presion-de-venezuela/3232482,diariolibre.com,Spanish,United States,https://resources.diariolibre.com/images/2025/09/03/guyana-24018c85-focus-0-0-608-342_wam.jpg,2025-11-01T21:55:19.307736+00:00
GDELT,20250902T184500Z,"Guyana votes in general election amid oil boom , Venezuela dispute",http://www.haitisun.com/news/278546939/guyana-votes-in-general-election-amid-oil-boom-venezuela-dispute,haitisun.com,English,United States,https://image.chitra.live/api/v1/wps/46ee7ab/0d38f4fc-5f94-4474-87ad-faa6fa412862/0/Y2IyOTJlODYtZDQ-600x315.jpg,2025-11-01T21:55:19.307740+00:00
GDELT,20250902T151500Z,Country Neighboring Venezuela Backs Deployment Of U . S . Assets Off The Venezuelan Coast :  Must Unite To Fight Drug - Trafficking  ,https://www.latintimes.com/country-neighboring-venezuela-backs-deployment-us-assets-off-venezuelan-coast-must-unite-589070,latintimes.com,English,United States,https://d.latintimes.com/en/full/583068/irfaan-ali.jpg,2025-11-01T21:55:19.307743+00:00
GDELT,20250902T133000Z,"Las 5 cosas que debes saber este 2 de septiembre : inmigración , tensión en el Caribe , Ribera Occidental ocupada y más",https://cnnespanol.cnn.com/2025/09/02/mundo/5-cosas-debes-saber-2-de-septiembre-maduro-orix,cnnespanol.cnn.com,Spanish,United States,"https://media.cnn.com/api/v1/images/stellar/prod/gettyimages-2232656564.jpg?c=16x9&q=w_800,c_fill",2025-11-01T21:55:19.307748+00:00
GDELT,20250902T091500Z,"Guyana votes amid oil boom , Venezuela tensions",https://www.dailygazette.com/news/national/guyana-votes-amid-oil-boom-venezuela-tensions/article_ce4d9abe-3105-5c98-a842-957a5e3a7c16.html,dailygazette.com,English,United States,https://bloximages.chicago2.vip.townnews.com/dailygazette.com/content/tncms/assets/v3/editorial/e/a8/ea88cc09-00fc-595f-a04d-ff6606655c3a/68b5e2b43caf3.image.jpg?crop=239%2C239%2C136%2C0,2025-11-01T21:55:19.307752+00:00
GDELT,20250902T073000Z,Guyana election will steer oil future amid rising Venezuela tensions,https://worldoil.com/news/2025/9/1/guyana-election-will-steer-oil-future-amid-rising-venezuela-tensions/,worldoil.com,English,United States,https://www.worldoil.com/media/gskjstjt/ceraweek-guyana-president-cropped.jpg,2025-11-01T21:55:19.307756+00:00
GDELT,20250902T063000Z,"Oil , threat of war , and China : why elections in this small South American country are crucial for the US",https://us.cnn.com/2025/09/01/americas/guyana-elections-oil-venezuela-china-intl-latam,us.cnn.com,English,United States,"https://media.cnn.com/api/v1/images/stellar/prod/ap25244049477135.jpg?c=16x9&q=w_800,c_fill",2025-11-01T21:55:19.307760+00:00
GDELT,20250902T023000Z,Guyana holds general election as candidates vie for control of country oil wealth,https://www.newsday.com/news/nation/guyana-elections-voting-ali-norton-mohamed-x19128,newsday.com,English,United States,https://cdn.newsday.com/ace/c:OTk0Yjk0YmQtODllMy00:MzRjY2JjYzctYTYyMC00/landscape/1280,2025-11-01T21:55:19.307764+00:00
GDELT,20250902T021500Z,"Oil , threat of war , and China : why elections in this small South American country are crucial for the US",https://kesq.com/news/national-world/cnn-world/2025/09/01/oil-threat-of-war-and-china-why-elections-in-this-small-south-american-country-are-crucial-for-the-us/,kesq.com,English,United States,https://kesq.b-cdn.net/2025/09/cnn-L19jb21wb25lbnRzL2ltYWdlL2luc3RhbmNlcy9jbWYxbmh4aDAwMDAxM2I2bmpxMTJ0eW1z-L19jb21wb25lbnRzL2FydGljbGUvaW5zdGFuY2VzL2NtZjFuMmJjYTAwZ3cyNnFxODBnMWZ5eGQ-860x573.jpg,2025-11-01T21:55:19.307768+00:00
GDELT,20250902T010000Z,"Oil , threat of war , and China : why elections in this small South American country are crucial for the US",https://www.aol.com/oil-threat-war-china-why-225045798.html,aol.com,English,United States,https://media.zenfs.com/en/aol_cnn_articles_945/92de6f33b2dd2afb64bec892921d100b,2025-11-01T21:55:19.307772+00:00
GDELT,20250901T230000Z,"Guyana votes amid oil boom , Venezuela tensions",https://www.elpasoinc.com/news/national/guyana-votes-amid-oil-boom-venezuela-tensions/article_a627d412-1305-5a8d-b3cd-6b6fe3177986.html,elpasoinc.com,English,United States,https://bloximages.newyork1.vip.townnews.com/elpasoinc.com/content/tncms/assets/v3/editorial/6/7c/67c15029-69b3-58d6-8371-0195da513201/68b5e2f971d85.image.jpg?crop=239%2C239%2C136%2C0,2025-11-01T21:55:19.307776+00:00
GDELT,20250901T223000Z,"Guyana votes amid oil boom , Venezuela tensions",https://www.mtdemocrat.com/news/national/guyana-votes-amid-oil-boom-venezuela-tensions/article_b5365e67-5be7-54c3-995e-5e10aa539cd5.html,mtdemocrat.com,English,United States,https://bloximages.chicago2.vip.townnews.com/mtdemocrat.com/content/tncms/assets/v3/editorial/c/ad/cadbd434-b6ff-53d0-b606-46ce5c4351da/68b5e2db9519b.image.jpg?crop=239%2C239%2C136%2C0,2025-11-01T21:55:19.307780+00:00
GDELT,20250901T193000Z,"Guyana votes amid oil boom , Venezuela tensions",https://www.suncommercial.com/brazil_times/news/national/article_93777457-1174-52a7-aa82-eaa8048e325d.html,suncommercial.com,English,United States,https://bloximages.chicago2.vip.townnews.com/suncommercial.com/content/tncms/assets/v3/editorial/3/fe/3fefcb2a-05e8-53fc-8251-30f575ba888e/68b5e2c7763b4.image.jpg?crop=239%2C239%2C136%2C0,2025-11-01T21:55:19.307782+00:00
GDELT,20250901T191500Z,"Guyana votes amid oil boom , Venezuela tensions",https://www.lebanondemocrat.com/maconcounty/news/national/guyana-votes-amid-oil-boom-venezuela-tensions/article_033cb93a-c2b0-539e-8bdd-a71836913b72.html,lebanondemocrat.com,English,United States,https://bloximages.chicago2.vip.townnews.com/lebanondemocrat.com/content/tncms/assets/v3/editorial/a/f5/af54c759-7bc3-51d8-8457-14baf648721e/68b5e3636cff0.image.jpg?crop=239%2C239%2C136%2C0,2025-11-01T21:55:19.307786+00:00
GDELT,20250901T184500Z,"Guyana votes amid oil boom , Venezuela tensions",https://www.bransontrilakesnews.com/news/national/article_8c11fd43-d8c8-5b8f-ad7d-6d5696586864.html,bransontrilakesnews.com,English,United States,https://bloximages.chicago2.vip.townnews.com/bransontrilakesnews.com/content/tncms/assets/v3/editorial/6/cd/6cdeca71-46d3-5b6f-9a20-ce735f4392ee/68b5e3658443c.image.jpg?crop=239%2C239%2C136%2C0,2025-11-01T21:55:19.307789+00:00
GDELT,20250901T183000Z,Guyana votes in elections amid oil boom debate and Venezuela tensions,https://www.aljazeera.com/news/2025/9/1/guyana-votes-in-elections-amid-oil-boom-debate-and-venezuela-tensions,aljazeera.com,English,United States,https://www.aljazeera.com/wp-content/uploads/2025/09/AP25244416673162-1756737417.jpg,2025-11-01T21:55:19.307793+00:00
GDELT,20250901T160000Z,Guyana votes in elections amid oil boom debate and Venezuela tensions,https://www.yahoo.com/news/articles/guyana-votes-elections-amid-oil-152313253.html,yahoo.com,English,United States,https://s.yimg.com/ny/api/res/1.2/wK_xJOVGMkhFm7EACfutVQ--/YXBwaWQ9aGlnaGxhbmRlcjt3PTEyMDA7aD04MDA7Y2Y9d2VicA--/https://media.zenfs.com/en/al_jazeera_289/9cd8473eaf4d7cfd8bafbcdf7e4c2c40,2025-11-01T21:55:19.307797+00:00
GDELT,20250901T144500Z,Guyana holds general election as candidates vie for control of country oil wealth,https://www.wgauradio.com/news/world/guyana-holds-general/OO36KE764BG6VIKIMNKNFCVJAM/,wgauradio.com,English,United States,https://cmg-cmg-rd-20015-prod.cdn.arcpublishing.com/resizer/v2/https%3A%2F%2Fcloudfront-us-east-1.images.arcpublishing.com%2Fcmg%2FKOHJBVC4J2CP3XV2772BZJOZBM.jpg?auth=2f72d72e21c5d6cc9a8a1912560b671f96604dfef63d338cc84ca77132595598&smart=true,2025-11-01T21:55:19.307800+00:00
GDELT,20250901T144500Z,Guyana holds general election as candidates vie for control of country oil wealth,https://www.mymotherlode.com/news/national/general-election/4259624/guyana-holds-general-election-as-candidates-vie-for-control-of-countrys-oil-wealth.html,mymotherlode.com,English,United States,https://www.mymotherlode.com/wp-content/uploads/2025/09/AP_b5b652057558465db72e7b51a2c20c7e_f7b9410159.jpg,2025-11-01T21:55:19.307803+00:00
GDELT,20250901T134500Z,Guyana holds general election as candidates vie for control of country oil wealth,https://www.wboc.com/news/international/guyana-holds-general-election-as-candidates-vie-for-control-of-countrys-oil-wealth/article_56d9b253-55c0-5635-b4a0-179955db9f84.html,wboc.com,English,United States,https://bloximages.newyork1.vip.townnews.com/wboc.com/content/tncms/assets/v3/editorial/1/af/1afd1477-3c23-515d-9a52-f7bbe37b789f/68b599c55b34e.image.jpg?crop=1763%2C926%2C0%2C124,2025-11-01T21:55:19.307808+00:00
GDELT,20250901T133000Z,Guyana holds general election as candidates vie for control of country oil wealth,https://www.yahoo.com/news/articles/guyana-holds-general-election-candidates-125125314.html,yahoo.com,English,United States,https://s.yimg.com/ny/api/res/1.2/sxOhJnuoEf0vHNQJ6PnksA--/YXBwaWQ9aGlnaGxhbmRlcjt3PTEyMDA7aD04MDA7Y2Y9d2VicA--/https://media.zenfs.com/en/ap.org/a33b048c7740259f17aedc87ab1b32e9,2025-11-01T21:55:19.307812+00:00
GDELT,20250901T131500Z,Guyana holds general election as candidates vie for control of country oil wealth,https://www.news4jax.com/news/world/2025/09/01/guyana-holds-general-election-as-candidates-vie-for-control-of-countrys-oil-wealth/,news4jax.com,English,United States,"https://res.cloudinary.com/graham-media-group/image/upload/f_auto/q_auto/c_thumb,w_700/v1/media/gmg/22MCULNQGRFJBIU5QEX7ZJ77C4.jpg?_a=DATAg1eAZAA0",2025-11-01T21:55:19.307815+00:00
GDELT,20250829T183000Z,Five things to know about Guyana,https://www.wyomingnews.com/news/national/five-things-to-know-about-guyana/article_9f85c82e-5d0d-5bea-9202-4ce855a5cdce.html,wyomingnews.com,English,United States,https://bloximages.chicago2.vip.townnews.com/wyomingnews.com/content/tncms/assets/v3/editorial/a/21/a21eef1c-a4e3-5e95-a625-d00bf501e460/68b0020a09417.image.jpg?crop=341%2C341%2C85%2C0,2025-11-01T21:55:19.307819+00:00
GDELT,20250829T150000Z,Guyana Oil Boom Fuels Contentious Reelection Bid,https://oilprice.com/Latest-Energy-News/World-News/Guyanas-Oil-Boom-Fuels-Contentious-Reelection-Bid.html,oilprice.com,English,United States,https://d32r1sh890xpii.cloudfront.net/news/718x300/2025-08-29_ywzjcyv8bi.jpg,2025-11-01T21:55:19.307823+00:00
GDELT,20250829T074500Z,"Guyana , emerging oil superpower , elects new leaders",https://www.kpvi.com/news/national_news/guyana-emerging-oil-superpower-elects-new-leaders/article_6f78f2ab-8182-5ab6-9931-da6d3abc7fa9.html,kpvi.com,English,United States,https://bloximages.newyork1.vip.townnews.com/kpvi.com/content/tncms/assets/v3/editorial/a/bd/abd39b0b-956c-5748-a412-85d223f7cfc0/68b0024ea2b9e.image.jpg?crop=341%2C341%2C85%2C0,2025-11-01T21:55:19.307826+00:00
GDELT,20250828T151500Z,"U . N . Security Council Members , Except for U . S ., Condemn  Man - Made Crisis  in Gaza",https://www.democracynow.org/2025/8/28/headlines/un_security_council_members_except_for_us_condemn_man_made_crisis_in_gaza,democracynow.org,English,United States,https://www.democracynow.org/images/headlines/14/78714/full_hd/hd2-UNSC.jpg,2025-11-01T21:55:19.307830+00:00
GDELT,20250828T104500Z,Five things to know about Guyana,https://www.kpvi.com/news/national_news/five-things-to-know-about-guyana/article_961f5655-7c09-5ce7-a502-967146ad89c2.html,kpvi.com,English,United States,https://bloximages.newyork1.vip.townnews.com/kpvi.com/content/tncms/assets/v3/editorial/a/de/ade045a1-c794-50b6-a859-17659fd6b5c0/68b0024d249d3.image.jpg?crop=341%2C341%2C85%2C0,2025-11-01T21:55:19.307833+00:00
GDELT,20250828T081500Z,Five things to know about Guyana,https://www.hazard-herald.com/news/national/five-things-to-know-about-guyana/article_4f138376-37dd-52bd-929c-df404712e492.html,hazard-herald.com,English,United States,https://bloximages.newyork1.vip.townnews.com/hazard-herald.com/content/tncms/assets/v3/editorial/3/09/309b5d62-dbf7-5a71-9e9b-18e1661622a7/68b0021ea6021.image.jpg?crop=341%2C341%2C85%2C0,2025-11-01T21:55:19.307836+00:00
GDELT,20250828T080000Z,Five Things To Know About Guyana,https://www.ibtimes.com/five-things-know-about-guyana-3781836,ibtimes.com,English,United States,https://d.ibtimes.com/en/full/4618290/former-dutch-british-colony-guyana-only-english-speaking-country-south-america.jpg,2025-11-01T21:55:19.307839+00:00
GDELT,20250828T080000Z,"Guyana , Emerging Oil Superpower , Elects New Leaders",https://www.ibtimes.com/guyana-emerging-oil-superpower-elects-new-leaders-3781830,ibtimes.com,English,United States,https://d.ibtimes.com/en/full/4618269/guyanas-president-irfaan-ali-who-has-presided-over-oil-boom-seeking-second-term-mondays.jpg,2025-11-01T21:55:19.307843+00:00
GDELT,20250828T070000Z,Five things to know about Guyana,https://www.yahoo.com/news/articles/five-things-know-guyana-063101117.html,yahoo.com,English,United States,https://media.zenfs.com/en/afp.com/c8ebe3c4a39d5c8b50a8ebcf047005b0,2025-11-01T21:55:19.307845+00:00
GDELT,20250828T070000Z,"Guyana , emerging oil superpower , elects new leaders",https://www.yahoo.com/news/articles/guyana-emerging-oil-superpower-elects-062836781.html,yahoo.com,English,United States,https://media.zenfs.com/en/afp.com/7d88861390f32e7e611f69ddc250f786,2025-11-01T21:55:19.307848+00:00
GDELT,20250827T183000Z,"Guyana , el país más rico en petróleo per cápita , vota en medio de disputa con Venezuela",https://www.nacion.com/el-mundo/guyana-el-pais-mas-rico-en-petroleo-per-capita/TOSGKNGUWNEJHHONL2CCYBXQAU/story/,nacion.com,Spanish,United States,https://www.nacion.com/resizer/v2/TSHKESQ6FBHNPCHOKD42AXGLGU.jpg?smart=true&auth=7a0e28e44e2dbaea49e22969fb502414ff9377259084c960e5d211998f1cf701,2025-11-01T21:55:19.307852+00:00
GDELT,20250827T083000Z,SXSW 2022 Schedule | Goya Gumbani,https://schedule.sxsw.com/2022/artists/2051934,schedule.sxsw.com,English,United States,https://schedule.sxsw.com/vite/assets/meta-og-image-BcUAD_--.jpg,2025-11-01T21:55:19.307855+00:00
GDELT,20250827T064500Z,GOP Rep . Says Nicolas Maduro Wife Could Turn Him In Because She  Intends To Rule Venezuela  ,https://www.latinpost.com/articles/166093/20250825/gop-rep-says-nicolas-maduros-wife-could-turn-him-because-she-intends-rule-venezuela.htm,latinpost.com,English,United States,https://d.latinpost.com/en/full/1725725/cilia-flores-nicolas-maduro.jpg,2025-11-01T21:55:19.307858+00:00
GDELT,20250826T121500Z,Hepola :  MasterChef  Tiffany Derry success proves how restaurants and Dallas changed,https://www.dallasnews.com/arts-entertainment/2025/08/26/hepola-masterchef-tiffany-derrys-success-proves-how-restaurants-and-dallas-changed/,dallasnews.com,English,United States,https://dmn-dallas-news-prod.cdn.arcpublishing.com/resizer/v2/V6DPZ3C3AFAKLMSR5Q4SJWG3HA.jpg?auth=c8d954c7ca0f661b74e42a9af24680c3aae7a11035b11796f72830f1e228a113&quality=80&smart=true,2025-11-01T21:55:19.307861+00:00
GDELT,20250825T220000Z,Caribbean Island 7 Miles from Venezuela Endorses U . S . Navy Deployment if Maduro Attacks Neighboring Country,http://www.hngn.com/articles/267751/20250825/caribbean-island-7-miles-venezuela-endorses-us-navy-deployment-if-maduro-attacks-neighboring.htm,hngn.com,English,United States,https://d.hngn.com/en/full/299315/arleigh-burke-class-guided-missile-destroyers-deployed-trump-off-venezuelan-coast.jpg,2025-11-01T21:55:19.307865+00:00
GDELT,20250825T220000Z,Caribbean Island 7 Miles from Venezuela Endorses U . S . Navy Deployment if Maduro Attacks Neighboring Country,https://www.hngn.com/articles/267751/20250825/caribbean-island-7-miles-venezuela-endorses-us-navy-deployment-if-maduro-attacks-neighboring.htm,hngn.com,English,United States,https://d.hngn.com/en/full/299315/arleigh-burke-class-guided-missile-destroyers-deployed-trump-off-venezuelan-coast.jpg,2025-11-01T21:55:19.307870+00:00
GDELT,20250825T181500Z,Caribbean Island 7 Miles from Venezuela Endorses U . S . Navy Deployment if Maduro Attacks Neighboring Country,https://www.latintimes.com/caribbean-island-7-miles-venezuela-endorses-us-navy-deployment-if-maduro-attacks-neighboring-588756,latintimes.com,English,United States,https://d.latintimes.com/en/full/582895/arleigh-burke-class-guided-missile-destroyers-deployed-trump-off-venezuelan-coast.jpg,2025-11-01T21:55:19.307874+00:00
GDELT,20250825T171500Z,U . S . Warships Deployed Near Venezuela Divide Caribbean as Trinidad & Tobago Backs Anti - Drug Mission,https://viconsortium.com/vi-caribbean/virgin-islands-u-s--warships-deployed-near-venezuela-divide-caribbean-as-trinidad---tobago-backs-anti-drug-mission,viconsortium.com,English,United States,,2025-11-01T21:55:19.307877+00:00
GDELT,20250825T171500Z,GOP Rep . Warns Venezuelan Regime Members In The U . S .  Are Being Identified  And Will  Lose Their Migratory Status  ,https://www.hngn.com/articles/267746/20250825/gop-rep-warns-venezuelan-regime-members-us-are-being-identified-will-lose-their-migratory.htm,hngn.com,English,United States,https://d.hngn.com/en/full/299310/rep-carlos-gimenez.jpg,2025-11-01T21:55:19.307881+00:00
GDELT,20250825T021500Z,Trinidad y Tobago ofrece a EE . UU . su territorio para enfrentar a Maduro si lo solicita,https://eldiariony.com/2025/08/24/trinidad-y-tobago-ofrece-su-territorio-a-ee-uu-para-operaciones-contra-maduro-de-ser-necesario/,eldiariony.com,Spanish,United States,https://eldiariony.com/wp-content/uploads/sites/2/2025/08/AP19206203829919.jpg,2025-11-01T21:55:19.307884+00:00
GDELT,20250825T021500Z,  Están siendo identificados : La advertencia de un congresista a colaboradores de Maduro en EE . UU . ,https://eldiariony.com/2025/08/24/congresista-advierte-que-chavistas-infiltrados-en-ee-uu-estan-siendo-identificados/,eldiariony.com,Spanish,United States,https://eldiariony.com/wp-content/uploads/sites/2/2025/08/AP23297511114186-1.jpg,2025-11-01T21:55:19.307888+00:00
GDELT,20250825T010000Z,Pirate Attacks on Fishermen are Underreported,https://maritime-executive.com/article/pirate-attacks-on-fishermen-are-underreported-and-deadly,maritime-executive.com,English,United States,https://maritime-executive.com/media/images/article/Photos/Navy_Govt_CoastGuard/US-Coast-Guard-members-in-the-Gulf-of-Aden-counterpiracy-USN.5599a8.jpg,2025-11-01T21:55:19.307892+00:00
GDELT,20250824T154500Z,12 Celebrities Who Were Humbled by People Who Didnt Recognize Them,https://www.cracked.com/article_47996_12-celebrities-who-were-humbled-by-people-who-didnt-recognize-them.html,cracked.com,English,United States,https://s3.crackedcdn.com/phpimages/article/6/6/7/1352667.jpg,2025-11-01T21:55:19.307896+00:00
GDELT,20250824T103000Z,"Trinidad endorses warship deployment , will help U . S . if asked , prime minister says",https://www.yahoo.com/news/articles/trinidad-endorses-warship-deployment-help-033623549.html,yahoo.com,English,United States,https://media.zenfs.com/en/miami_herald_mcclatchy_975/e64955811de8de2f590e634f52fc1094,2025-11-01T21:55:19.307900+00:00
GDELT,20250824T073000Z,"Curry , chutney and the Notting Hill Carnival",https://www.yahoo.com/news/articles/curry-chutney-notting-hill-carnival-064227965.html,yahoo.com,English,United States,https://s.yimg.com/ny/api/res/1.2/klcZOynxGvJ5c0165KR2OA--/YXBwaWQ9aGlnaGxhbmRlcjt3PTEyMDA7aD02NzU7Y2Y9d2VicA--/https://media.zenfs.com/en/bbc_us_articles_995/f8277183476ea5e747e258c5d0d559b6,2025-11-01T21:55:19.307904+00:00
GDELT,20250824T014500Z,Maduro calls on China as US mounts pressure on Venezuela . Will it answer ? ,https://abc17news.com/news/2025/08/23/maduro-calls-on-china-as-us-mounts-pressure-on-venezuela-will-it-answer/,abc17news.com,English,United States,https://abc17news.b-cdn.net/abc17news.com/2023/08/kmiz-860x484.webp,2025-11-01T21:55:19.307907+00:00
GDELT,20250824T013000Z,Maduro calls on China as US mounts pressure on Venezuela . Will it answer ? ,https://ktvz.com/news/national-world/cnn-world/2025/08/23/maduro-calls-on-china-as-us-mounts-pressure-on-venezuela-will-it-answer/,ktvz.com,English,United States,https://ktvz.b-cdn.net/2025/02/KTVZ-Default-image-860x484.jpg,2025-11-01T21:55:19.307911+00:00
GDELT,20250824T000000Z,Maduro calls on China as US mounts pressure on Venezuela . Will it answer ? ,https://kvia.com/news/2025/08/23/maduro-calls-on-china-as-us-mounts-pressure-on-venezuela-will-it-answer/,kvia.com,English,United States,https://kvia.b-cdn.net/2023/04/thumbnail_KVIA-Masthead.png,2025-11-01T21:55:19.307914+00:00
GDELT,20250824T000000Z,Maduro calls on China as US mounts pressure on Venezuela . Will it answer ? ,https://keyt.com/news/2025/08/23/maduro-calls-on-china-as-us-mounts-pressure-on-venezuela-will-it-answer/,keyt.com,English,United States,https://keyt.b-cdn.net/2023/08/nc312-combined-commercial-slate-860x484.jpg,2025-11-01T21:55:19.307917+00:00
GDELT,20250823T233000Z,Guyana se prepara para defenderse de Venezuela,https://www.noticiassin.com/guyana-se-prepara-para-defenderse-de-venezuela-2004099,noticiassin.com,Spanish,United States,https://noticiassin.blob.core.windows.net/images/2025/08/23/guyana-se-prepara-para-defenderse-de-venezuela-634e67e5-focus-0-0-480-345.webp,2025-11-01T21:55:19.307920+00:00
GDELT,20250823T233000Z,Maduro calls on China as US mounts pressure on Venezuela . Will it answer ? ,https://krdo.com/news/2025/08/23/maduro-calls-on-china-as-us-mounts-pressure-on-venezuela-will-it-answer/,krdo.com,English,United States,https://krdo.b-cdn.net/2025/01/Untitled-design-2024-02-27T104337.412.webp,2025-11-01T21:55:19.307924+00:00
GDELT,20250822T214500Z,El inquilino de la Casa Blanca,https://www.diariolasamericas.com/opinion/el-inquilino-la-casa-blanca-n5381137,diariolasamericas.com,Spanish,United States,https://media.diariolasamericas.com/p/3bfe98d8847cd2be2889c594b2132cda/adjuntos/216/imagenes/002/435/0002435477/1200x630/smart/asdrubal-aguiar-autor.jpg,2025-11-01T21:55:19.307927+00:00
GDELT,20250822T183000Z,Oil Revenues Fuel Free Tuition and Hospitals in Guyana . ,https://www.thestkittsnevisobserver.com/oil-revenues-fuel-free-tuition-and-hospitals-in-guyana/,thestkittsnevisobserver.com,English,United States,https://www.thestkittsnevisobserver.com/wp-content/uploads/oil-rig-venezuela.jpg,2025-11-01T21:55:19.307930+00:00
GDELT,20250821T141500Z,US Warships Steam Toward Venezuela as Trump Escalates Fight Against Cartels,https://legalinsurrection.com/2025/08/us-warships-steam-toward-venezuela-as-trump-escalates-fight-against-cartels/,legalinsurrection.com,English,United States,https://legalinsurrection.com/wp-content/uploads/2025/08/LI-055-Warships-to-Venezuela.png,2025-11-01T21:55:19.307933+00:00
GDELT,20250821T020000Z,"Guyana , Venezuela , election interference | Homeland Security Newswire",https://www.homelandsecuritynewswire.com/dr20250820-venezuela-s-attempts-to-interfere-in-the-september-guyana-election,homelandsecuritynewswire.com,English,United States,,2025-11-01T21:55:19.307937+00:00
