code,weighted_count,label,rate
1,1910,With coverage,0.9249394673123487
2,155,No coverage,0.07506053268765134
