source,id,author,text,url,created_at,extra
reddit,fcp34fb,jumbee85,I know what that's like. I'm Guyanese and the lighter skinned Guyanese do have a false sense if superiority to darker ones. Thankfully my dad who is dark skinned has been a good example of just how wrong judging on skin tone alone can be.,https://www.reddit.com/r/entitledparents/comments/ei607l/entitled_mom_assumes_i_am_the_maids_daughter_and/fcp34fb/,2020-01-01T03:23:26+00:00,"{""subreddit"": ""entitledparents"", ""score"": 3}"
reddit,fcp5lmp,Aizen39,"I couldn’t agree more. Reminds me of a funny story

An Afghan, an Albanian, and Algerian, an American, an Andorran, an Angolan, an Antiguan, an Argintine, an Armenian, and Austrailian, an Austrian, an Azerbaijani, a Bahamian, a Bahraini, a Bangladeshi, a Barbadian, a Barbudans, a Batswanan, a Belarusian, a Belgian, a Belizean, a Beninese, a Bhutanese, a Bolivian, a Bosnian, a Brazilian, a Brit, a Bruneian, a Bulgarian, a Burkinabe, a Burmese, a Burundian, a Cambodian, a Cameroonian, a Canadian, a Cape Verdean, a Central African, a Chadian, a Chilean, a Chinese, a Colombian, a Comoran, a Congolese, a Costa Rican, a Croatian, a Cuban, a Cypriot, a Czech, a Dane, a Djibouti, a Dominican, a Dutchman, an East Timorese, an Ecuadorean, an Egyptian, an Emirian, an Equatorial Guinean, an Eritrean, an Estonian, an Ethiopian, a Fijian, a Filipino, a Finn, a Frenchman, a Gabonese, a Gambian, a Georgian, a German, a Ghanaian, a Greek, a Grenadian, a Guatemalan, a Guinea-Bissauan, a Guinean, a Guyanese, a Haitian, a Herzegovinian, a Honduran, a Hungarian, an I-Kiribati, an Icelander, an Indian, an Indonesian, an Iranian, an Iraqi, an Irishman, an Israeli, an Italian, an Ivorian, a Jamaican, a Japanese, a Jordanian, a Kazakhstani, a Kenyan, a Kittian and Nevisian, a Kuwaiti, a Kyrgyz, a Laotian, a Latvian, a Lebanese, a Liberian, a Libyan, a Liechtensteiner, a Lithuanian, a Luxembourger, a Macedonian, a Malagasy, a Malawian, a Malaysian, a Maldivan, a Malian, a Maltese, a Marshallese, a Mauritanian, a Mauritian, a Mexican, a Micronesian, a Moldovan, a Monacan, a Mongolian, a Moroccan, a Mosotho, a Motswana, a Mozambican, a Namibian, a Nauruan, a Nepalese, a New Zealander, a Nicaraguan, a Nigerian, a Nigerien, a North Korean, a Northern Irishman, a Norwegian, an Omani, a Pakistani, a Palauan, a Palestinian, a Panamanian, a Papua New Guinean, a Paraguayan, a Peruvian, a Pole, a Portuguese, a Qatari, a Romanian, a Russian, a Rwandan, a Saint Lucian, a Salvadoran, a Samoan, a San Marinese, a Sao Tomean, a Saudi, a Scottish, a Senegalese, a Serbian, a Seychellois, a Sierra Leonean, a Singaporean, a Slovakian, a Slovenian, a Solomon Islander, a Somali, a South African, a South Korean, a Spaniard, a Sri Lankan, a Sudanese, a Surinamer, a Swazi, a Swede, a Swiss, a Syrian, a Taiwanese, a Tajik, a Tanzanian, a Togolese, a Tongan, a Trinidadian or Tobagonian, a Tunisian, a Turkish, a Tuvaluan, a Ugandan, a Ukrainian, a Uruguayan, a Uzbekistani, a Venezuelan, a Vietnamese, a Welshman, a Yemenite, a Zambian and a Zimbabwean all go to a nightclub...

The doorman stops them and says “Sorry I can’t let you in without a Thai.”",https://www.reddit.com/r/u_windfallapp/comments/e2h721/windfall_rewards_you_for_making_your_student_loan/fcp5lmp/,2020-01-01T04:00:11+00:00,"{""subreddit"": ""u_windfallapp"", ""score"": 13}"
reddit,fcpe5q1,naughty_nadia,HAPPY NEW YEAR!!! I didn’t know you were Guyanese!  My bff is from Guyana 🇬🇾. Wonderful people. I live in the US but hail from Jamaica 🇯🇲. Wishing you a wonderful year to come!,https://www.reddit.com/r/AvakinOfficial/comments/eidw2f/happy_new_years_on_behalf_or_myself_and_my_avakin/fcpe5q1/,2020-01-01T06:28:48+00:00,"{""subreddit"": ""AvakinOfficial"", ""score"": 1}"
reddit,fcpp2it,alderhill,"My best childhood friend was Guyanese (well, born here). But yea, his parents (of mixed Chinese and Indian-Guyanese descent) left because their shop was frequently targeted for armed robbery and the police could/would do nothing to protect them. IIRC, his mom said the clincher was when a cousin's family home was broken into in the middle of the night by armed robbers. They were bound, gagged and beaten, place ransacked and thoroughly picked clean of anything of value. Luckily no one was murdered (a milder, politer time in the 1970s?). As soon as they could get untied, they called the police who said, yea well the robbers are already gone, so too bad and all, nothing we can do, but let us know if you see them again later. 

It is a beautiful country though, and I always liked the food at my friend's house!",https://www.reddit.com/r/canada/comments/ehry0o/canadian_resort_owner_tortured_to_death_in_guyana/fcpp2it/,2020-01-01T08:57:54+00:00,"{""subreddit"": ""canada"", ""score"": 2}"
reddit,fcq5u1s,hpasta,"Was sent to psychologist back when I was in middle school, likely as a result of being told of the death of my mother. They had hit this from me until I was 11 or 12 years old. My grandparents who adopted me didn't know what else to do and was worried with the immense drop of my grades.

Lot of this portion of my life is kind of a blur in my memory. I must have argued not to see the psychologist and won because I don't think I saw them more than a few times. I think my grandparents allowed me too much autonomy and it made things worse.

There are pictures of me on vacations with family that I don't remember. My family said all I used to do was sit there and read. I don't really know what this is, if there are gaps in my memory like this.

Lots of suicidal thoughts. Ran away a couple of times. Went from straight A student to skipping school and almost not graduating high school. Kicked out between my grandparents and my biological dad's house multiple times because they couldn't handle me.

Guyanese culture have very poor knowledge in dealing with mental health. I was supposed to possibly have an arranged marriage to the son (a doctor) of a family that had taken care of me since my birth. Turns out he was gay. He shot himself out of not being able to come out and be accepted.

I got addicted to WoW, eventually started meditating...as I got older, I guess things settled themselves, save for like...my bad choice in men and my drug experimentation era. I can explicitly remember age 18 and onwards.

Now I am 25, a physics major in college with a full ride scholarship, happily single, with a group of other adult learners and friends, with one only remaining close relationship with my grandmother. I'm actually on my way to MIT today to do a week long workshop. Kinda crazy shit.

Age for me has mellowed me out. I am not sure if depression necessarily goes away or anything. I feel like this content feeling is somewhat fragile.",https://www.reddit.com/r/AskReddit/comments/eihdu5/whats_your_depression_story/fcq5u1s/,2020-01-01T11:49:35+00:00,"{""subreddit"": ""AskReddit"", ""score"": 1}"
reddit,fcr9zob,Aizen39,"I couldn’t agree more. Reminds me of a funny story

An Afghan, an Albanian, and Algerian, an American, an Andorran, an Angolan, an Antiguan, an Argintine, an Armenian, and Austrailian, an Austrian, an Azerbaijani, a Bahamian, a Bahraini, a Bangladeshi, a Barbadian, a Barbudans, a Batswanan, a Belarusian, a Belgian, a Belizean, a Beninese, a Bhutanese, a Bolivian, a Bosnian, a Brazilian, a Brit, a Bruneian, a Bulgarian, a Burkinabe, a Burmese, a Burundian, a Cambodian, a Cameroonian, a Canadian, a Cape Verdean, a Central African, a Chadian, a Chilean, a Chinese, a Colombian, a Comoran, a Congolese, a Costa Rican, a Croatian, a Cuban, a Cypriot, a Czech, a Dane, a Djibouti, a Dominican, a Dutchman, an East Timorese, an Ecuadorean, an Egyptian, an Emirian, an Equatorial Guinean, an Eritrean, an Estonian, an Ethiopian, a Fijian, a Filipino, a Finn, a Frenchman, a Gabonese, a Gambian, a Georgian, a German, a Ghanaian, a Greek, a Grenadian, a Guatemalan, a Guinea-Bissauan, a Guinean, a Guyanese, a Haitian, a Herzegovinian, a Honduran, a Hungarian, an I-Kiribati, an Icelander, an Indian, an Indonesian, an Iranian, an Iraqi, an Irishman, an Israeli, an Italian, an Ivorian, a Jamaican, a Japanese, a Jordanian, a Kazakhstani, a Kenyan, a Kittian and Nevisian, a Kuwaiti, a Kyrgyz, a Laotian, a Latvian, a Lebanese, a Liberian, a Libyan, a Liechtensteiner, a Lithuanian, a Luxembourger, a Macedonian, a Malagasy, a Malawian, a Malaysian, a Maldivan, a Malian, a Maltese, a Marshallese, a Mauritanian, a Mauritian, a Mexican, a Micronesian, a Moldovan, a Monacan, a Mongolian, a Moroccan, a Mosotho, a Motswana, a Mozambican, a Namibian, a Nauruan, a Nepalese, a New Zealander, a Nicaraguan, a Nigerian, a Nigerien, a North Korean, a Northern Irishman, a Norwegian, an Omani, a Pakistani, a Palauan, a Palestinian, a Panamanian, a Papua New Guinean, a Paraguayan, a Peruvian, a Pole, a Portuguese, a Qatari, a Romanian, a Russian, a Rwandan, a Saint Lucian, a Salvadoran, a Samoan, a San Marinese, a Sao Tomean, a Saudi, a Scottish, a Senegalese, a Serbian, a Seychellois, a Sierra Leonean, a Singaporean, a Slovakian, a Slovenian, a Solomon Islander, a Somali, a South African, a South Korean, a Spaniard, a Sri Lankan, a Sudanese, a Surinamer, a Swazi, a Swede, a Swiss, a Syrian, a Taiwanese, a Tajik, a Tanzanian, a Togolese, a Tongan, a Trinidadian or Tobagonian, a Tunisian, a Turkish, a Tuvaluan, a Ugandan, a Ukrainian, a Uruguayan, a Uzbekistani, a Venezuelan, a Vietnamese, a Welshman, a Yemenite, a Zambian and a Zimbabwean all go to a nightclub...

The doorman stops them and says “Sorry I can’t let you in without a Thai.”",https://www.reddit.com/r/u_Skygo_game/comments/eeuqe1/legend_of_stickman_archer/fcr9zob/,2020-01-01T17:15:33+00:00,"{""subreddit"": ""u_Skygo_game"", ""score"": 139}"
reddit,fcraaf6,Aizen39,"I couldn’t agree more. Reminds me of a funny story

An Afghan, an Albanian, and Algerian, an American, an Andorran, an Angolan, an Antiguan, an Argintine, an Armenian, and Austrailian, an Austrian, an Azerbaijani, a Bahamian, a Bahraini, a Bangladeshi, a Barbadian, a Barbudans, a Batswanan, a Belarusian, a Belgian, a Belizean, a Beninese, a Bhutanese, a Bolivian, a Bosnian, a Brazilian, a Brit, a Bruneian, a Bulgarian, a Burkinabe, a Burmese, a Burundian, a Cambodian, a Cameroonian, a Canadian, a Cape Verdean, a Central African, a Chadian, a Chilean, a Chinese, a Colombian, a Comoran, a Congolese, a Costa Rican, a Croatian, a Cuban, a Cypriot, a Czech, a Dane, a Djibouti, a Dominican, a Dutchman, an East Timorese, an Ecuadorean, an Egyptian, an Emirian, an Equatorial Guinean, an Eritrean, an Estonian, an Ethiopian, a Fijian, a Filipino, a Finn, a Frenchman, a Gabonese, a Gambian, a Georgian, a German, a Ghanaian, a Greek, a Grenadian, a Guatemalan, a Guinea-Bissauan, a Guinean, a Guyanese, a Haitian, a Herzegovinian, a Honduran, a Hungarian, an I-Kiribati, an Icelander, an Indian, an Indonesian, an Iranian, an Iraqi, an Irishman, an Israeli, an Italian, an Ivorian, a Jamaican, a Japanese, a Jordanian, a Kazakhstani, a Kenyan, a Kittian and Nevisian, a Kuwaiti, a Kyrgyz, a Laotian, a Latvian, a Lebanese, a Liberian, a Libyan, a Liechtensteiner, a Lithuanian, a Luxembourger, a Macedonian, a Malagasy, a Malawian, a Malaysian, a Maldivan, a Malian, a Maltese, a Marshallese, a Mauritanian, a Mauritian, a Mexican, a Micronesian, a Moldovan, a Monacan, a Mongolian, a Moroccan, a Mosotho, a Motswana, a Mozambican, a Namibian, a Nauruan, a Nepalese, a New Zealander, a Nicaraguan, a Nigerian, a Nigerien, a North Korean, a Northern Irishman, a Norwegian, an Omani, a Pakistani, a Palauan, a Palestinian, a Panamanian, a Papua New Guinean, a Paraguayan, a Peruvian, a Pole, a Portuguese, a Qatari, a Romanian, a Russian, a Rwandan, a Saint Lucian, a Salvadoran, a Samoan, a San Marinese, a Sao Tomean, a Saudi, a Scottish, a Senegalese, a Serbian, a Seychellois, a Sierra Leonean, a Singaporean, a Slovakian, a Slovenian, a Solomon Islander, a Somali, a South African, a South Korean, a Spaniard, a Sri Lankan, a Sudanese, a Surinamer, a Swazi, a Swede, a Swiss, a Syrian, a Taiwanese, a Tajik, a Tanzanian, a Togolese, a Tongan, a Trinidadian or Tobagonian, a Tunisian, a Turkish, a Tuvaluan, a Ugandan, a Ukrainian, a Uruguayan, a Uzbekistani, a Venezuelan, a Vietnamese, a Welshman, a Yemenite, a Zambian and a Zimbabwean all go to a nightclub...

The doorman stops them and says “Sorry I can’t let you in without a Thai.”",https://www.reddit.com/r/u_Skygo_game/comments/eeurmf/legends_game_of_survival/fcraaf6/,2020-01-01T17:17:29+00:00,"{""subreddit"": ""u_Skygo_game"", ""score"": 291}"
reddit,fctb1ie,WikiTextBot,"**Crown Heights riot**

The Crown Heights riot was a race riot that took place from August 19 to 21, 1991, in the Crown Heights section of Brooklyn, New York City.  Black residents turned against Orthodox Jewish Chabad residents, resulting in a deterioration of already tense racial relations in the densely populated community. The riots began on August 19, 1991, after two children of Guyanese immigrants were accidentally struck by one of the cars in the motorcade of Rebbe Menachem Mendel Schneerson, the leader of Chabad, a Jewish religious movement. One child died and the second was severely injured.

***

^[ [^PM](https://www.reddit.com/message/compose?to=kittens_from_space) ^| [^Exclude ^me](https://reddit.com/message/compose?to=WikiTextBot&amp;message=Excludeme&amp;subject=Excludeme) ^| [^Exclude ^from ^subreddit](https://np.reddit.com/r/uncomfortableqs/about/banned) ^| [^FAQ ^/ ^Information](https://np.reddit.com/r/WikiTextBot/wiki/index) ^| [^Source](https://github.com/kittenswolf/WikiTextBot)   ^]
^Downvote ^to ^remove ^| ^v0.28",https://www.reddit.com/r/uncomfortableqs/comments/eiggnw/does_the_black_community_hate_jews_and_if_so_why/fctb1ie/,2020-01-02T04:02:22+00:00,"{""subreddit"": ""uncomfortableqs"", ""score"": 1}"
reddit,fcu78pg,hoxxxxx,"[https://en.wikipedia.org/wiki/Crown\_Heights\_riot](https://en.wikipedia.org/wiki/Crown_Heights_riot)

 

The **Crown Heights riot** was a [race riot](https://en.wikipedia.org/wiki/Race_riot) that took place from August 19 to 21, 1991, in the [Crown Heights](https://en.wikipedia.org/wiki/Crown_Heights,_Brooklyn) section of [Brooklyn](https://en.wikipedia.org/wiki/Brooklyn), [New York City](https://en.wikipedia.org/wiki/New_York_City).  Black residents turned against [Orthodox Jewish](https://en.wikipedia.org/wiki/Orthodox_Jewish) [Chabad](https://en.wikipedia.org/wiki/Chabad)  residents, resulting in a deterioration of already tense racial  relations in the densely populated community. The riots began on August  19, 1991, after two children of [Guyanese](https://en.wikipedia.org/wiki/Guyana) immigrants were accidentally struck by one of the cars in the motorcade of [Rebbe](https://en.wikipedia.org/wiki/Rebbe) [Menachem Mendel Schneerson](https://en.wikipedia.org/wiki/Menachem_Mendel_Schneerson), the leader of [Chabad](https://en.wikipedia.org/wiki/Chabad), a Jewish religious movement. One child died and the second was severely injured. 

In the wake of the fatal accident, some black youths attacked  several Jews on the street, seriously injuring several and fatally  injuring an Orthodox Jewish student from Australia. Two weeks after the  riot, a non-Jewish man was killed by a group of black men; some believed  that the victim had been mistaken for a Jew. The riots were a major  issue in the [1993 mayoral race](https://en.wikipedia.org/wiki/1993_New_York_City_mayoral_election), contributing to the defeat of Mayor [David Dinkins](https://en.wikipedia.org/wiki/David_Dinkins), an African American. He was blamed for an ineffective police response. 

Ultimately, black and Jewish leaders developed an outreach  program between their communities to help calm and possibly improve  racial relations in Crown Heights over the next decade.[\[1\]](https://en.wikipedia.org/wiki/Crown_Heights_riot#cite_note-Beep-1)",https://www.reddit.com/r/news/comments/eiqypb/jewish_man_attacked_in_nyc_by_2_women_after/fcu78pg/,2020-01-02T14:10:27+00:00,"{""subreddit"": ""news"", ""score"": 113}"
reddit,fcus0k3,SolidSnake_Foxhound,"My cousins are Guyanese. I think it just depends on the personality of the person. Some of them are just so quiet and don't talk much that it can get awkward and make me feel weird that I'm putting in all this effort to only be met with very short replies and no follow up. But I can be the same way sometimes and I know they don't mean bad by it so I let it be, though it often gives the impression that I don't care. Others are more talkative and very chilled, I can have easy conversations with them. But everything in the conversations gets redirected back to Guyana, especially when my dad or uncle barge in, and it gets tiresome because I'm very American so the topics they want to talk about often don't interest me. I feel like we don't have many interests in common except for talking about family history, but as the host it's my duty to defer to what they want to talk about. I have American born and raised cousins who share a lot of the same interests I do, but talking with each other is still awkward. I wonder if it's because we're both shy, introverted types or maybe I come across too serious and monotone. I tend to react instead of setting the tone, so I'll be warm if you're warm first, I'll be cool if you're cool first, I wonder if that's it.",https://www.reddit.com/r/ABCDesis/comments/eisnw6/what_are_you_guys_like_when_cousins_family_from/fcus0k3/,2020-01-02T17:48:46+00:00,"{""subreddit"": ""ABCDesis"", ""score"": 0}"
reddit,fcvng4o,WikiTextBot,"**Crown Heights riot**

The Crown Heights riot was a race riot that took place from August 19 to 21, 1991, in the Crown Heights section of Brooklyn, New York City.  Black residents turned against Orthodox Jewish Chabad residents, resulting in a deterioration of already tense racial relations in the densely populated community. The riots began on August 19, 1991, after two children of Guyanese immigrants were accidentally struck by one of the cars in the motorcade of Rebbe Menachem Mendel Schneerson, the leader of Chabad, a Jewish religious movement. One child died and the second was severely injured.

***

^[ [^PM](https://www.reddit.com/message/compose?to=kittens_from_space) ^| [^Exclude ^me](https://reddit.com/message/compose?to=WikiTextBot&amp;message=Excludeme&amp;subject=Excludeme) ^| [^Exclude ^from ^subreddit](https://np.reddit.com/r/nonmorons/about/banned) ^| [^FAQ ^/ ^Information](https://np.reddit.com/r/WikiTextBot/wiki/index) ^| [^Source](https://github.com/kittenswolf/WikiTextBot)   ^]
^Downvote ^to ^remove ^| ^v0.28",https://www.reddit.com/r/nonmorons/comments/ej39z3/nonjews_are_becoming_second_class_citizens/fcvng4o/,2020-01-02T22:57:58+00:00,"{""subreddit"": ""nonmorons"", ""score"": 2}"
reddit,fcxd4xv,Aizen39,"I couldn’t agree more. Reminds me of a funny story

An Afghan, an Albanian, and Algerian, an American, an Andorran, an Angolan, an Antiguan, an Argintine, an Armenian, and Austrailian, an Austrian, an Azerbaijani, a Bahamian, a Bahraini, a Bangladeshi, a Barbadian, a Barbudans, a Batswanan, a Belarusian, a Belgian, a Belizean, a Beninese, a Bhutanese, a Bolivian, a Bosnian, a Brazilian, a Brit, a Bruneian, a Bulgarian, a Burkinabe, a Burmese, a Burundian, a Cambodian, a Cameroonian, a Canadian, a Cape Verdean, a Central African, a Chadian, a Chilean, a Chinese, a Colombian, a Comoran, a Congolese, a Costa Rican, a Croatian, a Cuban, a Cypriot, a Czech, a Dane, a Djibouti, a Dominican, a Dutchman, an East Timorese, an Ecuadorean, an Egyptian, an Emirian, an Equatorial Guinean, an Eritrean, an Estonian, an Ethiopian, a Fijian, a Filipino, a Finn, a Frenchman, a Gabonese, a Gambian, a Georgian, a German, a Ghanaian, a Greek, a Grenadian, a Guatemalan, a Guinea-Bissauan, a Guinean, a Guyanese, a Haitian, a Herzegovinian, a Honduran, a Hungarian, an I-Kiribati, an Icelander, an Indian, an Indonesian, an Iranian, an Iraqi, an Irishman, an Israeli, an Italian, an Ivorian, a Jamaican, a Japanese, a Jordanian, a Kazakhstani, a Kenyan, a Kittian and Nevisian, a Kuwaiti, a Kyrgyz, a Laotian, a Latvian, a Lebanese, a Liberian, a Libyan, a Liechtensteiner, a Lithuanian, a Luxembourger, a Macedonian, a Malagasy, a Malawian, a Malaysian, a Maldivan, a Malian, a Maltese, a Marshallese, a Mauritanian, a Mauritian, a Mexican, a Micronesian, a Moldovan, a Monacan, a Mongolian, a Moroccan, a Mosotho, a Motswana, a Mozambican, a Namibian, a Nauruan, a Nepalese, a New Zealander, a Nicaraguan, a Nigerian, a Nigerien, a North Korean, a Northern Irishman, a Norwegian, an Omani, a Pakistani, a Palauan, a Palestinian, a Panamanian, a Papua New Guinean, a Paraguayan, a Peruvian, a Pole, a Portuguese, a Qatari, a Romanian, a Russian, a Rwandan, a Saint Lucian, a Salvadoran, a Samoan, a San Marinese, a Sao Tomean, a Saudi, a Scottish, a Senegalese, a Serbian, a Seychellois, a Sierra Leonean, a Singaporean, a Slovakian, a Slovenian, a Solomon Islander, a Somali, a South African, a South Korean, a Spaniard, a Sri Lankan, a Sudanese, a Surinamer, a Swazi, a Swede, a Swiss, a Syrian, a Taiwanese, a Tajik, a Tanzanian, a Togolese, a Tongan, a Trinidadian or Tobagonian, a Tunisian, a Turkish, a Tuvaluan, a Ugandan, a Ukrainian, a Uruguayan, a Uzbekistani, a Venezuelan, a Vietnamese, a Welshman, a Yemenite, a Zambian and a Zimbabwean all go to a nightclub...

The doorman stops them and says “Sorry I can’t let you in without a Thai.”",https://www.reddit.com/r/u_Pickerr_app/comments/eaaic4/wondering_how_to_choose_the_perfect_photos_for/fcxd4xv/,2020-01-03T13:55:06+00:00,"{""subreddit"": ""u_Pickerr_app"", ""score"": 53}"
reddit,fcxia76,HookersExist,Are you trini or guyanese? What's with the scunt lol? I live in Canada but was born in ireland and its fucken dope in both places tbh. Ur country has the worst fucken roads I've ever driven and candy that's made from corn syrup. Fuck you lol,https://www.reddit.com/r/unpopularopinion/comments/ejfkfe/i_am_more_than_ok_with_killing_iranian_military/fcxia76/,2020-01-03T15:00:17+00:00,"{""subreddit"": ""unpopularopinion"", ""score"": 2}"
reddit,fcxikzl,Aizen39,"I couldn’t agree more. Reminds me of a funny story

An Afghan, an Albanian, and Algerian, an American, an Andorran, an Angolan, an Antiguan, an Argintine, an Armenian, and Austrailian, an Austrian, an Azerbaijani, a Bahamian, a Bahraini, a Bangladeshi, a Barbadian, a Barbudans, a Batswanan, a Belarusian, a Belgian, a Belizean, a Beninese, a Bhutanese, a Bolivian, a Bosnian, a Brazilian, a Brit, a Bruneian, a Bulgarian, a Burkinabe, a Burmese, a Burundian, a Cambodian, a Cameroonian, a Canadian, a Cape Verdean, a Central African, a Chadian, a Chilean, a Chinese, a Colombian, a Comoran, a Congolese, a Costa Rican, a Croatian, a Cuban, a Cypriot, a Czech, a Dane, a Djibouti, a Dominican, a Dutchman, an East Timorese, an Ecuadorean, an Egyptian, an Emirian, an Equatorial Guinean, an Eritrean, an Estonian, an Ethiopian, a Fijian, a Filipino, a Finn, a Frenchman, a Gabonese, a Gambian, a Georgian, a German, a Ghanaian, a Greek, a Grenadian, a Guatemalan, a Guinea-Bissauan, a Guinean, a Guyanese, a Haitian, a Herzegovinian, a Honduran, a Hungarian, an I-Kiribati, an Icelander, an Indian, an Indonesian, an Iranian, an Iraqi, an Irishman, an Israeli, an Italian, an Ivorian, a Jamaican, a Japanese, a Jordanian, a Kazakhstani, a Kenyan, a Kittian and Nevisian, a Kuwaiti, a Kyrgyz, a Laotian, a Latvian, a Lebanese, a Liberian, a Libyan, a Liechtensteiner, a Lithuanian, a Luxembourger, a Macedonian, a Malagasy, a Malawian, a Malaysian, a Maldivan, a Malian, a Maltese, a Marshallese, a Mauritanian, a Mauritian, a Mexican, a Micronesian, a Moldovan, a Monacan, a Mongolian, a Moroccan, a Mosotho, a Motswana, a Mozambican, a Namibian, a Nauruan, a Nepalese, a New Zealander, a Nicaraguan, a Nigerian, a Nigerien, a North Korean, a Northern Irishman, a Norwegian, an Omani, a Pakistani, a Palauan, a Palestinian, a Panamanian, a Papua New Guinean, a Paraguayan, a Peruvian, a Pole, a Portuguese, a Qatari, a Romanian, a Russian, a Rwandan, a Saint Lucian, a Salvadoran, a Samoan, a San Marinese, a Sao Tomean, a Saudi, a Scottish, a Senegalese, a Serbian, a Seychellois, a Sierra Leonean, a Singaporean, a Slovakian, a Slovenian, a Solomon Islander, a Somali, a South African, a South Korean, a Spaniard, a Sri Lankan, a Sudanese, a Surinamer, a Swazi, a Swede, a Swiss, a Syrian, a Taiwanese, a Tajik, a Tanzanian, a Togolese, a Tongan, a Trinidadian or Tobagonian, a Tunisian, a Turkish, a Tuvaluan, a Ugandan, a Ukrainian, a Uruguayan, a Uzbekistani, a Venezuelan, a Vietnamese, a Welshman, a Yemenite, a Zambian and a Zimbabwean all go to a nightclub...

The doorman stops them and says “Sorry I can’t let you in without a Thai.”",https://www.reddit.com/r/u_360FeedbackPro/comments/ei64mc/do_others_see_your_personal_brand_the_way_you/fcxikzl/,2020-01-03T15:03:49+00:00,"{""subreddit"": ""u_360FeedbackPro"", ""score"": 3}"
reddit,fcyit1m,Alessio_Romagnoli13,the Guyanese Hierro,https://www.reddit.com/r/soccer/comments/ejkeyk/di_marzio_milan_representatives_are_in_barcelona/fcyit1m/,2020-01-03T19:45:53+00:00,"{""subreddit"": ""soccer"", ""score"": 8}"
reddit,fczk9p6,bannysexdang,"My mom’s family is Guyanese and they make black cake for every occasion. It’s basically fruitcake on steroids - you soak the fruit in rum for two weeks and then make a pound cake, then when it’s hot you poke it full of holes and soak it in rum, and then every few days you soak it in rum again to keep it moist. My mom’s cousin has had the top tier of her wedding cake for 27 years and she still pours rum over it once a week.",https://www.reddit.com/r/BuyItForLife/comments/ef9ng8/buyitforlife_holiday_edition_100_yr_old_fruitcake/fczk9p6/,2020-01-04T01:58:00+00:00,"{""subreddit"": ""BuyItForLife"", ""score"": 2}"
reddit,fd40wj8,dolnmondenk,Lots of Guyanese in Barbados!,https://www.reddit.com/r/23andme/comments/ejrchy/dad_is_from_jamaica_and_mom_is_from_barbados/fd40wj8/,2020-01-04T18:42:51+00:00,"{""subreddit"": ""23andme"", ""score"": 2}"
reddit,fd55k9m,BushWeedCornTrash,"Not only real Indian food, but real great food from the whole Indian diaspora.  Jamaican,  Guyanese,  Trinidadian, and yes, Pakistani restaurants do share the street with Indian restaurants, along with Bengali, Mexican, Tibeten, Italian and Cuban restaurants. I always say:  If you like food, you gonna love Queens.  Walk 10 blocks, eat in 30 different countries.",https://www.reddit.com/r/todayilearned/comments/ejr5x9/til_butter_chicken_was_developed_in_the_1950s_by/fd55k9m/,2020-01-04T21:46:31+00:00,"{""subreddit"": ""todayilearned"", ""score"": 1}"
reddit,fd57ixm,Spectrenn,I'm Guyanese,https://www.reddit.com/r/malegrooming/comments/ejxny6/any_tips_on_where_i_can_improve_face_hair_facial/fd57ixm/,2020-01-04T21:56:11+00:00,"{""subreddit"": ""malegrooming"", ""score"": 2}"
reddit,fd8r0zn,gisser83,"Who is you guys? I'm a white, Guyanese Canadian. I highly doubt you're talking about my demographic, because I'd be shocked if there was more than a thousand in the entire country. Maybe even double digits.",https://www.reddit.com/r/AskReddit/comments/ek73lr/americans_of_reddit_why_should_we_forgive_you_for/fd8r0zn/,2020-01-05T11:02:11+00:00,"{""subreddit"": ""AskReddit"", ""score"": 1}"
reddit,fd9ta14,FreakeeMo,Guyanese or Trini? 🤔,https://www.reddit.com/r/Ebony/comments/e9ij9z/below_me_where_you_belong/fd9ta14/,2020-01-05T15:22:34+00:00,"{""subreddit"": ""Ebony"", ""score"": 1}"
reddit,fda5gyw,sent-by-an-iPerson,"So, when you said “we” in your question, what you really meant was “Why should white, Guyanese-Canadians forgive Americans?” Is that what you’re saying? Because it sounded like the question was being asked by the rest of the non-American world, and that is who I was referring to.",https://www.reddit.com/r/AskReddit/comments/ek73lr/americans_of_reddit_why_should_we_forgive_you_for/fda5gyw/,2020-01-05T16:32:24+00:00,"{""subreddit"": ""AskReddit"", ""score"": 1}"
reddit,fda5uc1,DJ_Spam,"**Eddy Grant**  
 [artist pic](https://lastfm.freetls.fastly.net/i/u/252/2a96cbd8b46e442fc41c2b86b821562f.png)  

&gt; Eddy Grant (b. 1948) is a Guyanese musician.

&gt; Born Edmond Montague Grant on the 5th March 1948 in Plaisance, Guyana, he emigrated with parents to London, England when he was still young.  As a teenager he formed the multi-racial group The Equals. He sported dyed blonde hair, and had his first million-selling number-one hit in 1968, when he was the lead guitarist and main songwriter with his song ""Baby Come Back"". Grant openly used his songwriting for political purposes, as in "" Police on My Back"", and later  ""Gimme Hope Jo'anna"" about the then-current apartheid regime of South Africa.

&gt; By the early 1980s Grant released Killer on the Rampage, using MTV exposure to have big hits in the U.S., the U.K., and Australia with the '80s techno reggae of  ""Electric Avenue"", and following that up with the title song for the successful 1984 film Romancing the Stone.   The album Walking on Sunshine produced the popular tracks ""I Don't Wanna Dance"" and ""Gimme Hope Jo'anna"".

&gt; Grant owns and operates a leading recording studio called Blue Wave in Barbados, near St Lawrence Gap, and it has hosted some of the world's top recording artists and producers over the years. He has produced music for the likes of Sting, Mick Jagger, and Elvis Costello.

&gt;  Read more on Last.fm.

 [last.fm](https://www.last.fm/music/Eddy+Grant): 317,014 listeners, 1,774,808 plays  
 tags: *reggae, 80s, pop, reggae-pop, dance*  

^^Please ^^downvote ^^if ^^incorrect!  ^^Self-deletes ^^if ^^score ^^is ^^0.",https://www.reddit.com/r/Music/comments/ekf756/eddy_grant_gimme_hope_joanna_reggaepop/fda5uc1/,2020-01-05T16:35:10+00:00,"{""subreddit"": ""Music"", ""score"": 1}"
reddit,fda6nwa,Aizen39,"I couldn’t agree more. Reminds me of a funny story

An Afghan, an Albanian, and Algerian, an American, an Andorran, an Angolan, an Antiguan, an Argintine, an Armenian, and Austrailian, an Austrian, an Azerbaijani, a Bahamian, a Bahraini, a Bangladeshi, a Barbadian, a Barbudans, a Batswanan, a Belarusian, a Belgian, a Belizean, a Beninese, a Bhutanese, a Bolivian, a Bosnian, a Brazilian, a Brit, a Bruneian, a Bulgarian, a Burkinabe, a Burmese, a Burundian, a Cambodian, a Cameroonian, a Canadian, a Cape Verdean, a Central African, a Chadian, a Chilean, a Chinese, a Colombian, a Comoran, a Congolese, a Costa Rican, a Croatian, a Cuban, a Cypriot, a Czech, a Dane, a Djibouti, a Dominican, a Dutchman, an East Timorese, an Ecuadorean, an Egyptian, an Emirian, an Equatorial Guinean, an Eritrean, an Estonian, an Ethiopian, a Fijian, a Filipino, a Finn, a Frenchman, a Gabonese, a Gambian, a Georgian, a German, a Ghanaian, a Greek, a Grenadian, a Guatemalan, a Guinea-Bissauan, a Guinean, a Guyanese, a Haitian, a Herzegovinian, a Honduran, a Hungarian, an I-Kiribati, an Icelander, an Indian, an Indonesian, an Iranian, an Iraqi, an Irishman, an Israeli, an Italian, an Ivorian, a Jamaican, a Japanese, a Jordanian, a Kazakhstani, a Kenyan, a Kittian and Nevisian, a Kuwaiti, a Kyrgyz, a Laotian, a Latvian, a Lebanese, a Liberian, a Libyan, a Liechtensteiner, a Lithuanian, a Luxembourger, a Macedonian, a Malagasy, a Malawian, a Malaysian, a Maldivan, a Malian, a Maltese, a Marshallese, a Mauritanian, a Mauritian, a Mexican, a Micronesian, a Moldovan, a Monacan, a Mongolian, a Moroccan, a Mosotho, a Motswana, a Mozambican, a Namibian, a Nauruan, a Nepalese, a New Zealander, a Nicaraguan, a Nigerian, a Nigerien, a North Korean, a Northern Irishman, a Norwegian, an Omani, a Pakistani, a Palauan, a Palestinian, a Panamanian, a Papua New Guinean, a Paraguayan, a Peruvian, a Pole, a Portuguese, a Qatari, a Romanian, a Russian, a Rwandan, a Saint Lucian, a Salvadoran, a Samoan, a San Marinese, a Sao Tomean, a Saudi, a Scottish, a Senegalese, a Serbian, a Seychellois, a Sierra Leonean, a Singaporean, a Slovakian, a Slovenian, a Solomon Islander, a Somali, a South African, a South Korean, a Spaniard, a Sri Lankan, a Sudanese, a Surinamer, a Swazi, a Swede, a Swiss, a Syrian, a Taiwanese, a Tajik, a Tanzanian, a Togolese, a Tongan, a Trinidadian or Tobagonian, a Tunisian, a Turkish, a Tuvaluan, a Ugandan, a Ukrainian, a Uruguayan, a Uzbekistani, a Venezuelan, a Vietnamese, a Welshman, a Yemenite, a Zambian and a Zimbabwean all go to a nightclub...

The doorman stops them and says “Sorry I can’t let you in without a Thai.”",https://www.reddit.com/r/u_Skygo_game/comments/eeur69/drag_and_drop_aim_and_shoot_arrows_at_the_enemies/fda6nwa/,2020-01-05T16:38:50+00:00,"{""subreddit"": ""u_Skygo_game"", ""score"": 112}"
reddit,fdca971,SightWithoutEyes,"How soon can you take a plane to South America? When you make it to the Guyanese airport, find the man who smells of garlic butter. He'll give you the signal, and if you give the right one back, he'll escort you to the compound.",https://www.reddit.com/r/ShittyFanTheories/comments/ek59lk/papa_john_papa_john_is_a_cult_leader_and_is/fdca971/,2020-01-06T00:23:21+00:00,"{""subreddit"": ""ShittyFanTheories"", ""score"": 1}"
reddit,fdctrvu,Glittering-Inside,"Soft cookies. By the way, my best friend is Guyanese :)",https://www.reddit.com/r/AskReddit/comments/ekomr8/what_are_you_addicted_to/fdctrvu/,2020-01-06T04:14:47+00:00,"{""subreddit"": ""AskReddit"", ""score"": 1}"
reddit,fddjnj6,1000Celebies,She's a model from Florida.... (and also guyanese),https://www.reddit.com/r/IndianBabes/comments/ekmmp5/bikini_day/fddjnj6/,2020-01-06T12:48:27+00:00,"{""subreddit"": ""IndianBabes"", ""score"": 1}"
reddit,fdgrf3m,YuriNater,NTA  grew across the street from Giovanni he was Guyanese,https://www.reddit.com/r/AmItheAsshole/comments/el460c/aita_for_giving_my_child_a_culturally/fdgrf3m/,2020-01-07T14:12:57+00:00,"{""subreddit"": ""AmItheAsshole"", ""score"": 1}"
reddit,fdhfwpy,Turtle_Shaft,"People of Indian, pakistani, bengali, and for some, guyanese and trinidadian descent.",https://www.reddit.com/r/starterpacks/comments/eldndh/1720_year_old_desi_guy_from_nyc/fdhfwpy/,2020-01-07T18:29:53+00:00,"{""subreddit"": ""starterpacks"", ""score"": 29}"
reddit,fdieszi,OrbitingKas,"There’s nothing sad about being Indian lmao. You looking too deep into this, it’s just cool that people of different races/ethnicities are able to fall in love/be attracted to someone enough to have a baby with them (unless if it’s through sexual assault). My indo-Guyanese parents disapprove of interracial dating—unless if it’s a White person—because they’re very prejudice against black and East Asian people.",https://www.reddit.com/r/23andme/comments/e0vdcg/my_mixed_ass_results/fdieszi/,2020-01-07T23:54:42+00:00,"{""subreddit"": ""23andme"", ""score"": 2}"
reddit,fdigsig,cravic,"It's the middle income trap and its common amoung countries with oil wealth. Simply put, their economy has middle income level wealth but low income level development. The economy and politics is thus a battleground over where the wealth goes. 

Oil wealth is a difficult thing to deal with and the sad truth is that pure dictatorships have proven to be much more capable of managing oil wealth than developing democracies.

In Venezuela real power rests in the hands of whoever controls the oil wealth. Countries like this often have either corrupt pretend democracies or weak self serving  dictatorships.

Their economys are also unstable as a result of their fiscal policy being dictated by oil prices and production levels.

Being overly dependent on the export of a single commodity makes a state very exposed to international pressures such as sanctions. These states are easily bullied. 

A desire to maintain artificially high percapita income levels often lead to oil revenues being brought into the economy in a reckless manner which pressures the currency exchange and damages other industries. Being artificially wealthy also means that labor costs are artificially high and undeveloped industries cannot compete which further damage these industries.

There are states that avoided these issues. These states are either pure dictatorships or use sovereign wealth funds(or were rich b4 the found oil) .

I'm Guyanese. Guyana started oil production a few days ago and the oil produced is valued the same as our entire current GDP. There is a second phase under development to begin production in 2022 or 2023 and oil production at that point will be worth 3 times our current GDP.

We intend to put our oil wealth into a sovereign wealth fund to make sure that:

1- oil prices and production levels does not dictate our fiscal policy/national budget.

2- oil wealth is introduced into our economy in a controlled manner that does not damage other industries. 

3- oil wealth cannot be transfered to political players through the creation of oil oligarchs. 

We are here hoping and praying that our measures work and we can use this oil wealth for development.

Ps. Anyone who thinks socialism is the problem in Venezuela is either stupid or brainwashed by propaganda.",https://www.reddit.com/r/geopolitics/comments/elf6pb/in_1960_venezuela_was_as_rich_as_france_what_went/fdigsig/,2020-01-08T00:16:09+00:00,"{""subreddit"": ""geopolitics"", ""score"": 2}"
reddit,fdirfe1,SuperCoolFunTimeNo1,"&gt;People of Indian, pakistani, bengali, and for some, guyanese and trinidadian descent.

So...not the white dude in the top left pic of your meme?",https://www.reddit.com/r/starterpacks/comments/eldndh/1720_year_old_desi_guy_from_nyc/fdirfe1/,2020-01-08T02:09:26+00:00,"{""subreddit"": ""starterpacks"", ""score"": -2}"
reddit,fdjl0v4,Zoomer_of_Reddit,"Actually, if you want good politics, look Guyanese politics",https://www.reddit.com/r/MemeThatNews/comments/elg4hj/in_tense_north_india_muslim_family_says_hindu/fdjl0v4/,2020-01-08T09:31:36+00:00,"{""subreddit"": ""MemeThatNews"", ""score"": 2}"
reddit,fdmo16n,DJ_Spam,"**Eddy Grant**  
 [artist pic](https://lastfm.freetls.fastly.net/i/u/252/2a96cbd8b46e442fc41c2b86b821562f.png)  

&gt; Eddy Grant (b. 1948) is a Guyanese musician.

&gt; Born Edmond Montague Grant on the 5th March 1948 in Plaisance, Guyana, he emigrated with parents to London, England when he was still young.  As a teenager he formed the multi-racial group The Equals. He sported dyed blonde hair, and had his first million-selling number-one hit in 1968, when he was the lead guitarist and main songwriter with his song ""Baby Come Back"". Grant openly used his songwriting for political purposes, as in "" Police on My Back"", and later  ""Gimme Hope Jo'anna"" about the then-current apartheid regime of South Africa.

&gt; By the early 1980s Grant released Killer on the Rampage, using MTV exposure to have big hits in the U.S., the U.K., and Australia with the '80s techno reggae of  ""Electric Avenue"", and following that up with the title song for the successful 1984 film Romancing the Stone.   The album Walking on Sunshine produced the popular tracks ""I Don't Wanna Dance"" and ""Gimme Hope Jo'anna"".

&gt; Grant owns and operates a leading recording studio called Blue Wave in Barbados, near St Lawrence Gap, and it has hosted some of the world's top recording artists and producers over the years. He has produced music for the likes of Sting, Mick Jagger, and Elvis Costello.

&gt;  Read more on Last.fm.

 [last.fm](https://www.last.fm/music/Eddy+Grant): 317,080 listeners, 1,775,287 plays  
 tags: *reggae, 80s, pop, reggae-pop, dance*  

^^Please ^^downvote ^^if ^^incorrect!  ^^Self-deletes ^^if ^^score ^^is ^^0.",https://www.reddit.com/r/Music/comments/em6qnl/eddy_grant_war_party_reggae/fdmo16n/,2020-01-09T08:11:32+00:00,"{""subreddit"": ""Music"", ""score"": 1}"
reddit,fdovpj1,NJCubanMade,Yea I got a nice Guyanese 40 yr old thick Booty cougar and she’s always trynna get me to buy shit for her,https://www.reddit.com/r/CougarsAndCubs/comments/emh9ab/hard_to_find_mature_cougars_it_seems/fdovpj1/,2020-01-09T23:52:32+00:00,"{""subreddit"": ""CougarsAndCubs"", ""score"": -1}"
reddit,fdrvu90,Aizen39,"I couldn’t agree more. Reminds me of a funny story

An Afghan, an Albanian, and Algerian, an American, an Andorran, an Angolan, an Antiguan, an Argintine, an Armenian, and Austrailian, an Austrian, an Azerbaijani, a Bahamian, a Bahraini, a Bangladeshi, a Barbadian, a Barbudans, a Batswanan, a Belarusian, a Belgian, a Belizean, a Beninese, a Bhutanese, a Bolivian, a Bosnian, a Brazilian, a Brit, a Bruneian, a Bulgarian, a Burkinabe, a Burmese, a Burundian, a Cambodian, a Cameroonian, a Canadian, a Cape Verdean, a Central African, a Chadian, a Chilean, a Chinese, a Colombian, a Comoran, a Congolese, a Costa Rican, a Croatian, a Cuban, a Cypriot, a Czech, a Dane, a Djibouti, a Dominican, a Dutchman, an East Timorese, an Ecuadorean, an Egyptian, an Emirian, an Equatorial Guinean, an Eritrean, an Estonian, an Ethiopian, a Fijian, a Filipino, a Finn, a Frenchman, a Gabonese, a Gambian, a Georgian, a German, a Ghanaian, a Greek, a Grenadian, a Guatemalan, a Guinea-Bissauan, a Guinean, a Guyanese, a Haitian, a Herzegovinian, a Honduran, a Hungarian, an I-Kiribati, an Icelander, an Indian, an Indonesian, an Iranian, an Iraqi, an Irishman, an Israeli, an Italian, an Ivorian, a Jamaican, a Japanese, a Jordanian, a Kazakhstani, a Kenyan, a Kittian and Nevisian, a Kuwaiti, a Kyrgyz, a Laotian, a Latvian, a Lebanese, a Liberian, a Libyan, a Liechtensteiner, a Lithuanian, a Luxembourger, a Macedonian, a Malagasy, a Malawian, a Malaysian, a Maldivan, a Malian, a Maltese, a Marshallese, a Mauritanian, a Mauritian, a Mexican, a Micronesian, a Moldovan, a Monacan, a Mongolian, a Moroccan, a Mosotho, a Motswana, a Mozambican, a Namibian, a Nauruan, a Nepalese, a New Zealander, a Nicaraguan, a Nigerian, a Nigerien, a North Korean, a Northern Irishman, a Norwegian, an Omani, a Pakistani, a Palauan, a Palestinian, a Panamanian, a Papua New Guinean, a Paraguayan, a Peruvian, a Pole, a Portuguese, a Qatari, a Romanian, a Russian, a Rwandan, a Saint Lucian, a Salvadoran, a Samoan, a San Marinese, a Sao Tomean, a Saudi, a Scottish, a Senegalese, a Serbian, a Seychellois, a Sierra Leonean, a Singaporean, a Slovakian, a Slovenian, a Solomon Islander, a Somali, a South African, a South Korean, a Spaniard, a Sri Lankan, a Sudanese, a Surinamer, a Swazi, a Swede, a Swiss, a Syrian, a Taiwanese, a Tajik, a Tanzanian, a Togolese, a Tongan, a Trinidadian or Tobagonian, a Tunisian, a Turkish, a Tuvaluan, a Ugandan, a Ukrainian, a Uruguayan, a Uzbekistani, a Venezuelan, a Vietnamese, a Welshman, a Yemenite, a Zambian and a Zimbabwean all go to a nightclub...

The doorman stops them and says “Sorry I can’t let you in without a Thai.”",https://www.reddit.com/r/u_Grubhub_App/comments/doquzj/your_best_life_on_the_couch_eating_your_favorite/fdrvu90/,2020-01-10T21:08:20+00:00,"{""subreddit"": ""u_Grubhub_App"", ""score"": 105}"
reddit,fdrx53b,Aizen39,"I couldn’t agree more. Reminds me of a funny story

An Afghan, an Albanian, and Algerian, an American, an Andorran, an Angolan, an Antiguan, an Argintine, an Armenian, and Austrailian, an Austrian, an Azerbaijani, a Bahamian, a Bahraini, a Bangladeshi, a Barbadian, a Barbudans, a Batswanan, a Belarusian, a Belgian, a Belizean, a Beninese, a Bhutanese, a Bolivian, a Bosnian, a Brazilian, a Brit, a Bruneian, a Bulgarian, a Burkinabe, a Burmese, a Burundian, a Cambodian, a Cameroonian, a Canadian, a Cape Verdean, a Central African, a Chadian, a Chilean, a Chinese, a Colombian, a Comoran, a Congolese, a Costa Rican, a Croatian, a Cuban, a Cypriot, a Czech, a Dane, a Djibouti, a Dominican, a Dutchman, an East Timorese, an Ecuadorean, an Egyptian, an Emirian, an Equatorial Guinean, an Eritrean, an Estonian, an Ethiopian, a Fijian, a Filipino, a Finn, a Frenchman, a Gabonese, a Gambian, a Georgian, a German, a Ghanaian, a Greek, a Grenadian, a Guatemalan, a Guinea-Bissauan, a Guinean, a Guyanese, a Haitian, a Herzegovinian, a Honduran, a Hungarian, an I-Kiribati, an Icelander, an Indian, an Indonesian, an Iranian, an Iraqi, an Irishman, an Israeli, an Italian, an Ivorian, a Jamaican, a Japanese, a Jordanian, a Kazakhstani, a Kenyan, a Kittian and Nevisian, a Kuwaiti, a Kyrgyz, a Laotian, a Latvian, a Lebanese, a Liberian, a Libyan, a Liechtensteiner, a Lithuanian, a Luxembourger, a Macedonian, a Malagasy, a Malawian, a Malaysian, a Maldivan, a Malian, a Maltese, a Marshallese, a Mauritanian, a Mauritian, a Mexican, a Micronesian, a Moldovan, a Monacan, a Mongolian, a Moroccan, a Mosotho, a Motswana, a Mozambican, a Namibian, a Nauruan, a Nepalese, a New Zealander, a Nicaraguan, a Nigerian, a Nigerien, a North Korean, a Northern Irishman, a Norwegian, an Omani, a Pakistani, a Palauan, a Palestinian, a Panamanian, a Papua New Guinean, a Paraguayan, a Peruvian, a Pole, a Portuguese, a Qatari, a Romanian, a Russian, a Rwandan, a Saint Lucian, a Salvadoran, a Samoan, a San Marinese, a Sao Tomean, a Saudi, a Scottish, a Senegalese, a Serbian, a Seychellois, a Sierra Leonean, a Singaporean, a Slovakian, a Slovenian, a Solomon Islander, a Somali, a South African, a South Korean, a Spaniard, a Sri Lankan, a Sudanese, a Surinamer, a Swazi, a Swede, a Swiss, a Syrian, a Taiwanese, a Tajik, a Tanzanian, a Togolese, a Tongan, a Trinidadian or Tobagonian, a Tunisian, a Turkish, a Tuvaluan, a Ugandan, a Ukrainian, a Uruguayan, a Uzbekistani, a Venezuelan, a Vietnamese, a Welshman, a Yemenite, a Zambian and a Zimbabwean all go to a nightclub...

The doorman stops them and says “Sorry I can’t let you in without a Thai.”",https://www.reddit.com/r/u_getnexar/comments/eiwc4j/meet_the_smart_dash_cam_that_always_has_your_back/fdrx53b/,2020-01-10T21:17:28+00:00,"{""subreddit"": ""u_getnexar"", ""score"": 266}"
reddit,fdrxfu3,Aizen39,"I couldn’t agree more. Reminds me of a funny story

An Afghan, an Albanian, and Algerian, an American, an Andorran, an Angolan, an Antiguan, an Argintine, an Armenian, and Austrailian, an Austrian, an Azerbaijani, a Bahamian, a Bahraini, a Bangladeshi, a Barbadian, a Barbudans, a Batswanan, a Belarusian, a Belgian, a Belizean, a Beninese, a Bhutanese, a Bolivian, a Bosnian, a Brazilian, a Brit, a Bruneian, a Bulgarian, a Burkinabe, a Burmese, a Burundian, a Cambodian, a Cameroonian, a Canadian, a Cape Verdean, a Central African, a Chadian, a Chilean, a Chinese, a Colombian, a Comoran, a Congolese, a Costa Rican, a Croatian, a Cuban, a Cypriot, a Czech, a Dane, a Djibouti, a Dominican, a Dutchman, an East Timorese, an Ecuadorean, an Egyptian, an Emirian, an Equatorial Guinean, an Eritrean, an Estonian, an Ethiopian, a Fijian, a Filipino, a Finn, a Frenchman, a Gabonese, a Gambian, a Georgian, a German, a Ghanaian, a Greek, a Grenadian, a Guatemalan, a Guinea-Bissauan, a Guinean, a Guyanese, a Haitian, a Herzegovinian, a Honduran, a Hungarian, an I-Kiribati, an Icelander, an Indian, an Indonesian, an Iranian, an Iraqi, an Irishman, an Israeli, an Italian, an Ivorian, a Jamaican, a Japanese, a Jordanian, a Kazakhstani, a Kenyan, a Kittian and Nevisian, a Kuwaiti, a Kyrgyz, a Laotian, a Latvian, a Lebanese, a Liberian, a Libyan, a Liechtensteiner, a Lithuanian, a Luxembourger, a Macedonian, a Malagasy, a Malawian, a Malaysian, a Maldivan, a Malian, a Maltese, a Marshallese, a Mauritanian, a Mauritian, a Mexican, a Micronesian, a Moldovan, a Monacan, a Mongolian, a Moroccan, a Mosotho, a Motswana, a Mozambican, a Namibian, a Nauruan, a Nepalese, a New Zealander, a Nicaraguan, a Nigerian, a Nigerien, a North Korean, a Northern Irishman, a Norwegian, an Omani, a Pakistani, a Palauan, a Palestinian, a Panamanian, a Papua New Guinean, a Paraguayan, a Peruvian, a Pole, a Portuguese, a Qatari, a Romanian, a Russian, a Rwandan, a Saint Lucian, a Salvadoran, a Samoan, a San Marinese, a Sao Tomean, a Saudi, a Scottish, a Senegalese, a Serbian, a Seychellois, a Sierra Leonean, a Singaporean, a Slovakian, a Slovenian, a Solomon Islander, a Somali, a South African, a South Korean, a Spaniard, a Sri Lankan, a Sudanese, a Surinamer, a Swazi, a Swede, a Swiss, a Syrian, a Taiwanese, a Tajik, a Tanzanian, a Togolese, a Tongan, a Trinidadian or Tobagonian, a Tunisian, a Turkish, a Tuvaluan, a Ugandan, a Ukrainian, a Uruguayan, a Uzbekistani, a Venezuelan, a Vietnamese, a Welshman, a Yemenite, a Zambian and a Zimbabwean all go to a nightclub...

The doorman stops them and says “Sorry I can’t let you in without a Thai.”",https://www.reddit.com/r/u_joe0522/comments/dmombs/love_japanese_sake_check_out_tippsysakecom_for/fdrxfu3/,2020-01-10T21:20:18+00:00,"{""subreddit"": ""u_joe0522"", ""score"": 19}"
reddit,fdswat2,Wolf_420BlazeIt,I'm actually Guyanese.,https://www.reddit.com/r/comedyheaven/comments/ekhjoa/guyana/fdswat2/,2020-01-11T02:12:54+00:00,"{""subreddit"": ""comedyheaven"", ""score"": 3}"
reddit,fe0e2pn,lagokatrine,Best Guyanese restaurants.  And uhh with two uncles in Forest Hills...meh I guess different strokes for folks.  But it’s pretty corny still,https://www.reddit.com/r/nyc/comments/ena6w3/all_day_yesterday/fe0e2pn/,2020-01-12T06:44:42+00:00,"{""subreddit"": ""nyc"", ""score"": 1}"
reddit,fe3js2l,bobbybillricky,"As a wannabe tankie, yes...possibly.

I couldn't find the information I wanted about British Guiana, the AFL-CIO, and the CIA...I also don't want to retype the text from Killing Hope. Here are two articles I just found

&gt;During Ronald Reagan’s presidency the AFL-CIO was given substantial economic support from NED, the National Endowment for Democracy, one of CIA’s front organizations. In the Third World, they were better known for undermining activist trade unions than for their support of the labour movement’s professional and political struggle

&gt;When I arrived in Lisbon a few days later, I was contacted by a representative from the Norwegian embassy, who informed me that I had been taken off the mission and was going home. Later I got to know why. During the meeting in Porto, a construction worker had asked me if they should organize a broad trade union movement for all political groups, similar to the Nordic countries, or if they should have an ideological split like in Spain, where socialists, communists and Catholics each had their own trade union. My answer was that a broad union movement is preferable. The guys from the Friedrich Ebert Foundation did not like to hear this, since they were in Portugal to fight communists and radical socialist. It has long been well known that FES was financed by the CIA and that their mission was to make sure the labour movements in Germany and other places in Europe did not get radicalized or would become obstacles to the imperialist policies of the EU and the United States.

https://midtifleisen.wordpress.com/2018/02/03/how-the-cia-infiltrates-trade-unions/amp/

&gt;
Throughout the Cold War, the AFL-CIO’s Executive Council and International Affairs Department were run by zealous anticommunists determined to undercut the rise of left-wing trade unions overseas. Like their counterparts in the US government, George Meany, AFL-CIO president from 1955–1979, and Lane Kirkland, his successor who served until 1995, understood that if allowed to thrive, class-conscious labor movements would pose a serious threat to global capital.

https://inthesetimes.com/working/entry/22245/left-wing-union-afl-cio-imperialism

https://inthesetimes.com/working/entry/22245/left-wing-union-afl-cio-imperialism

Edit:

&gt;In the early 1960s, AIFLD helped undermine the democratically elected, leftist government of Cheddi Jagan in the tiny South American nation of Guyana, which was then a colony called British Guiana. The colony was on the path to a planned transition to independence, and Jagan hoped to reorganize the economy along socialist lines. But the Kennedy administration, fearing Jagan would be another Fidel Castro, pressured the UK to stall the transition until he could be driven out of power.

&gt;In the summer of 1962, eight Guyanese union officials from a labor federation tied to Jagan’s political opposition participated in AIFLD’s training course in the United States, returning home with stipends provided by the Institute. The following spring, they helped lead a general strike to protest Jagan’s government. The three-month strike crippled the colony’s economy and escalated into a race riot pitting the Afro-Guyanese opposition against Jagan’s Indo-Guyanese base
&gt;Representatives from two AFL-CIO-affiliated unions — AFSCME and the Retail Clerks — went to British Guiana to aid the strikers by coordinating food relief and replenishing the strike fund, using CIA money secretly channeled through private foundations. What turned out to be one of the longest general strikes in history was sustained by the US imperial state, with help from US union officials, in order to weaken a democratic, progressive government.",https://www.reddit.com/r/ChapoTrapHouse/comments/enm0ox/hong_kong_gamers_rise_up/fe3js2l/,2020-01-12T17:24:43+00:00,"{""subreddit"": ""ChapoTrapHouse"", ""score"": 22}"
reddit,fe3og5s,Robert102663,The suicide rate is so bc Guyanese people treat each other like shit even the parents treat their children poorly but that seems the be the normal with us Guyanese ppl and it doesn’t look like it is going to change anytime soon,https://www.reddit.com/r/woooosh/comments/dvreke/it_was_a_video_about_suicide_rates_and_guyana_had/fe3og5s/,2020-01-12T17:48:40+00:00,"{""subreddit"": ""woooosh"", ""score"": 1}"
reddit,fe53fib,Vladith,"IS Suriname considered Latino? I've never met anybody from there and I live in a US city that is about 30% South American.

The handful of Guyanese ppl I have met have all been quick to remind that they are neither Hispanic or Latino.",https://www.reddit.com/r/stupidpol/comments/enoybs/hollywood_has_a_severe_diversity_problem/fe53fib/,2020-01-12T21:42:03+00:00,"{""subreddit"": ""stupidpol"", ""score"": 5}"
reddit,fe619pr,Thagothropist,"Not really the same as what you’re experiencing, but I’ve had something like that happen to me.  I was born in Guyana and was really dark like all other Guyanese people when I was there, but when I came to Canada we found out our entire family’s ‘natural’ skin colour was like a 4 out of 10 on the darkness scale and we’d just had tans the whole time we were on the equator.  Most other Guyanese people came from the southern parts of India and all the people there have dark skin all the time.  When I first came to Canada I was able to find and fit in with other Guyanese people, but as time passed and we moved around the new Guyanese people we met started to treat me like “an Indian guy pretending to be Guyanese”.  It was really annoying, seeing as how most of the people calling me that were born in Canada to Guyanese parents and had never actually even there.",https://www.reddit.com/r/ABCDesis/comments/enfx34/just_a_question_about_identity_in_general/fe619pr/,2020-01-13T01:38:59+00:00,"{""subreddit"": ""ABCDesis"", ""score"": 1}"
reddit,fe7jup4,DJ_Spam,"**Eddy Grant**  
 [artist pic](https://lastfm.freetls.fastly.net/i/u/252/2a96cbd8b46e442fc41c2b86b821562f.png)  

&gt; Eddy Grant (b. 1948) is a Guyanese musician.

&gt; Born Edmond Montague Grant on the 5th March 1948 in Plaisance, Guyana, he emigrated with parents to London, England when he was still young.  As a teenager he formed the multi-racial group The Equals. He sported dyed blonde hair, and had his first million-selling number-one hit in 1968, when he was the lead guitarist and main songwriter with his song ""Baby Come Back"". Grant openly used his songwriting for political purposes, as in "" Police on My Back"", and later  ""Gimme Hope Jo'anna"" about the then-current apartheid regime of South Africa.

&gt; By the early 1980s Grant released Killer on the Rampage, using MTV exposure to have big hits in the U.S., the U.K., and Australia with the '80s techno reggae of  ""Electric Avenue"", and following that up with the title song for the successful 1984 film Romancing the Stone.   The album Walking on Sunshine produced the popular tracks ""I Don't Wanna Dance"" and ""Gimme Hope Jo'anna"".

&gt; Grant owns and operates a leading recording studio called Blue Wave in Barbados, near St Lawrence Gap, and it has hosted some of the world's top recording artists and producers over the years. He has produced music for the likes of Sting, Mick Jagger, and Elvis Costello.

&gt;  Read more on Last.fm.

 [last.fm](https://www.last.fm/music/Eddy+Grant): 317,120 listeners, 1,775,618 plays  
 tags: *reggae, 80s, pop, reggae-pop, dance*  

^^Please ^^downvote ^^if ^^incorrect!  ^^Self-deletes ^^if ^^score ^^is ^^0.",https://www.reddit.com/r/Music/comments/eo2zdf/eddy_grant_california_style_reggae/fe7jup4/,2020-01-13T11:39:49+00:00,"{""subreddit"": ""Music"", ""score"": 2}"
reddit,feany0h,DJ_Spam,"**Eddy Grant**  
 [artist pic](https://lastfm.freetls.fastly.net/i/u/252/2a96cbd8b46e442fc41c2b86b821562f.png)  

&gt; Eddy Grant (b. 1948) is a Guyanese musician.

&gt; Born Edmond Montague Grant on the 5th March 1948 in Plaisance, Guyana, he emigrated with parents to London, England when he was still young.  As a teenager he formed the multi-racial group The Equals. He sported dyed blonde hair, and had his first million-selling number-one hit in 1968, when he was the lead guitarist and main songwriter with his song ""Baby Come Back"". Grant openly used his songwriting for political purposes, as in "" Police on My Back"", and later  ""Gimme Hope Jo'anna"" about the then-current apartheid regime of South Africa.

&gt; By the early 1980s Grant released Killer on the Rampage, using MTV exposure to have big hits in the U.S., the U.K., and Australia with the '80s techno reggae of  ""Electric Avenue"", and following that up with the title song for the successful 1984 film Romancing the Stone.   The album Walking on Sunshine produced the popular tracks ""I Don't Wanna Dance"" and ""Gimme Hope Jo'anna"".

&gt; Grant owns and operates a leading recording studio called Blue Wave in Barbados, near St Lawrence Gap, and it has hosted some of the world's top recording artists and producers over the years. He has produced music for the likes of Sting, Mick Jagger, and Elvis Costello.

&gt;  Read more on Last.fm.

 [last.fm](https://www.last.fm/music/Eddy+Grant): 317,147 listeners, 1,775,788 plays  
 tags: *reggae, 80s, pop, reggae-pop, dance*  

^^Please ^^downvote ^^if ^^incorrect!  ^^Self-deletes ^^if ^^score ^^is ^^0.",https://www.reddit.com/r/Music/comments/eoakox/eddy_grant_barefoot_soldier_rock/feany0h/,2020-01-13T21:25:13+00:00,"{""subreddit"": ""Music"", ""score"": 1}"
reddit,febexht,tjraph,I am Latina and he is black (Guyanese) and Indian.,https://www.reddit.com/r/interracialdating/comments/enud8r/so_happy_to_have_found_you/febexht/,2020-01-13T23:29:25+00:00,"{""subreddit"": ""interracialdating"", ""score"": 1}"
reddit,feccmq2,TryingToFeedTheFam,Guyanese,https://www.reddit.com/r/IndianBabes/comments/eo9noz/nalanie/feccmq2/,2020-01-14T03:00:04+00:00,"{""subreddit"": ""IndianBabes"", ""score"": 1}"
reddit,fedb4go,xavier12059555,How’s a half Puerto Rican/half Guyanese cub sound 😉😉,https://www.reddit.com/r/mombod/comments/eldspz/looking_for_a_cub_to_appreciate_the_view_41f/fedb4go/,2020-01-14T12:51:40+00:00,"{""subreddit"": ""mombod"", ""score"": 2}"
reddit,fedqeuo,ExtremelyDubious,The Hamilton is a Jamaican/Guyanese blend.,https://www.reddit.com/r/rum/comments/eod6rw/first_real_rum_tasting_and_im_jumping_for_joy/fedqeuo/,2020-01-14T16:00:42+00:00,"{""subreddit"": ""rum"", ""score"": 3}"
reddit,fedrwvj,ZombieSazerac,"Ah you’re totally right! I thought that all Hamilton were Guyanese, but I see now that they have some Jamaican as well. More to try!",https://www.reddit.com/r/rum/comments/eod6rw/first_real_rum_tasting_and_im_jumping_for_joy/fedrwvj/,2020-01-14T16:16:22+00:00,"{""subreddit"": ""rum"", ""score"": 3}"
reddit,fefwyoy,[deleted],How do you know Andre Rush is Guyanese?,https://www.reddit.com/r/Guyana/comments/eev1ia/anyone_worried_about_exxons_involvement_in_the/fefwyoy/,2020-01-15T05:59:00+00:00,"{""subreddit"": ""Guyana"", ""score"": 1}"
reddit,fehh4v4,[deleted],Search up mixed race Guyanese lol.,https://www.reddit.com/r/MakeupAddiction/comments/ep3bln/trying_to_do_my_makeup_a_little_more_like_i_used/fehh4v4/,2020-01-15T19:27:04+00:00,"{""subreddit"": ""MakeupAddiction"", ""score"": 1}"
reddit,fei81to,SoulWager,"It's complicated, and it depends mostly on the country's policies. The most direct effects would be people making money working in those industries and oil and gas will be cheaper than it used to be. That can have some pretty major consequences, but it's unlikely money sitting in a bank account will get more valuable. Once you start talking about exporting oil it gets a lot more complicated, because it's unlikely they'll be selling oil to other nations in Guyanese dollars.",https://www.reddit.com/r/explainlikeimfive/comments/epaoj0/eli5_how_does_the_value_of_a_countrys_currency_go/fei81to/,2020-01-15T23:52:35+00:00,"{""subreddit"": ""explainlikeimfive"", ""score"": 2}"
reddit,feifqyu,Kellz_2245,"Not really and this is the type of talking point that makes dark skinned desis have self esteem issues and light skinned guys trolling dark ones on the net but they arent pulling girls in real life either. There isnt a difference in dating when it comes to light skinned vs dark skinned desi guys. Within the desi community yes but not interracially. I havent seen other races going for light skinned desi guys any more than dark ones. This skin color thing is so entrenched in desis until some think other races care about their color.

If skin complexion is such a big deal to non desi girls then why dont dark black guys have dating problems? Only desi guys seem to think it matters whether they’re light vs dark instead of their social skills, grooming etc and its goofy af. Indo Trinidadians and Guyanese are mostly dark and they dont have these issues because they are outgoing and multiple generations removed from India. They didnt grow up with all the fair and lovely bs beaten into them + repressed, arranged marriage culture which makes a lot of desi guys weird when it comes to women.

As long as you’re not ugly af, dress well, normal height and have good social skills then you’ll do fine. Skin complexion isnt it. Aziz is just ugly. Sendhil is a better example.",https://www.reddit.com/r/ABCDesis/comments/ep84yj/the_unfability_of_brown_dudes/feifqyu/,2020-01-16T01:18:00+00:00,"{""subreddit"": ""ABCDesis"", ""score"": 6}"
reddit,fekmoy0,ChoiceAspect,"It doesn’t say in this article but most of the other articles about this case say he’s from Guyana. 

I guess he could be Indian-Guyanese but they don’t really have any connections to India. They’ve been in Guyana since the 1800s.",https://www.reddit.com/r/ABCDesis/comments/epcvsf/new_york_man_21_charged_with_sexual_assault_and/fekmoy0/,2020-01-16T19:34:04+00:00,"{""subreddit"": ""ABCDesis"", ""score"": 7}"
reddit,feksf9y,GoGoJi_Aapka_Ghagra,So are you Caribbean? Guyanese or Trini?,https://www.reddit.com/r/amiugly/comments/epmo6k/f27_am_i_ugly/feksf9y/,2020-01-16T20:30:37+00:00,"{""subreddit"": ""amiugly"", ""score"": 1}"
reddit,fekx4qi,pipolwes000,"/u/theavatarshawn

Word that Guyanese suppliers are no longer accepting Californian currency has reached Oakland. The California State Department considers this act, and the promise of food aid to the State of California, highly disrespectful.

As such, imports of food from Guyana have been terminated effective immediately. A formal apology can be directed to the State Assembly of California for consideration.",https://www.reddit.com/r/PostWorldPowers/comments/envwa2/trade_trade_thread_year_10/fekx4qi/,2020-01-16T21:17:00+00:00,"{""subreddit"": ""PostWorldPowers"", ""score"": 2}"
reddit,felap59,Aizen39,"I couldn’t agree more. Reminds me of a funny story

An Afghan, an Albanian, and Algerian, an American, an Andorran, an Angolan, an Antiguan, an Argintine, an Armenian, and Austrailian, an Austrian, an Azerbaijani, a Bahamian, a Bahraini, a Bangladeshi, a Barbadian, a Barbudans, a Batswanan, a Belarusian, a Belgian, a Belizean, a Beninese, a Bhutanese, a Bolivian, a Bosnian, a Brazilian, a Brit, a Bruneian, a Bulgarian, a Burkinabe, a Burmese, a Burundian, a Cambodian, a Cameroonian, a Canadian, a Cape Verdean, a Central African, a Chadian, a Chilean, a Chinese, a Colombian, a Comoran, a Congolese, a Costa Rican, a Croatian, a Cuban, a Cypriot, a Czech, a Dane, a Djibouti, a Dominican, a Dutchman, an East Timorese, an Ecuadorean, an Egyptian, an Emirian, an Equatorial Guinean, an Eritrean, an Estonian, an Ethiopian, a Fijian, a Filipino, a Finn, a Frenchman, a Gabonese, a Gambian, a Georgian, a German, a Ghanaian, a Greek, a Grenadian, a Guatemalan, a Guinea-Bissauan, a Guinean, a Guyanese, a Haitian, a Herzegovinian, a Honduran, a Hungarian, an I-Kiribati, an Icelander, an Indian, an Indonesian, an Iranian, an Iraqi, an Irishman, an Israeli, an Italian, an Ivorian, a Jamaican, a Japanese, a Jordanian, a Kazakhstani, a Kenyan, a Kittian and Nevisian, a Kuwaiti, a Kyrgyz, a Laotian, a Latvian, a Lebanese, a Liberian, a Libyan, a Liechtensteiner, a Lithuanian, a Luxembourger, a Macedonian, a Malagasy, a Malawian, a Malaysian, a Maldivan, a Malian, a Maltese, a Marshallese, a Mauritanian, a Mauritian, a Mexican, a Micronesian, a Moldovan, a Monacan, a Mongolian, a Moroccan, a Mosotho, a Motswana, a Mozambican, a Namibian, a Nauruan, a Nepalese, a New Zealander, a Nicaraguan, a Nigerian, a Nigerien, a North Korean, a Northern Irishman, a Norwegian, an Omani, a Pakistani, a Palauan, a Palestinian, a Panamanian, a Papua New Guinean, a Paraguayan, a Peruvian, a Pole, a Portuguese, a Qatari, a Romanian, a Russian, a Rwandan, a Saint Lucian, a Salvadoran, a Samoan, a San Marinese, a Sao Tomean, a Saudi, a Scottish, a Senegalese, a Serbian, a Seychellois, a Sierra Leonean, a Singaporean, a Slovakian, a Slovenian, a Solomon Islander, a Somali, a South African, a South Korean, a Spaniard, a Sri Lankan, a Sudanese, a Surinamer, a Swazi, a Swede, a Swiss, a Syrian, a Taiwanese, a Tajik, a Tanzanian, a Togolese, a Tongan, a Trinidadian or Tobagonian, a Tunisian, a Turkish, a Tuvaluan, a Ugandan, a Ukrainian, a Uruguayan, a Uzbekistani, a Venezuelan, a Vietnamese, a Welshman, a Yemenite, a Zambian and a Zimbabwean all go to a nightclub...

The doorman stops them and says “Sorry I can’t let you in without a Thai.”",https://www.reddit.com/r/u_Huel_Ltd/comments/eo760x/huel_has_helped_me_get_the_nutrition_i_need_when/felap59/,2020-01-16T23:36:05+00:00,"{""subreddit"": ""u_Huel_Ltd"", ""score"": 1}"
reddit,femamsi,nosotros_road_sodium,"What happened in this case was the suspected killer had previously been arrested for assaulting his dad two months earlier. [iCE says he immediately should've been turned over](https://www.ice.gov/news/releases/ice-lodges-detainer-against-guyanese-national-arrested-murder-92-year-old-new-york)...without addressing if he should've been convicted of the crime first. I wonder how much bail he had to post if any (correct me if I'm wrong, but the NY bail reform really in effect at the time).

And just look at this gaslighting propaganda from ICE:

&gt; Congress has established no process, requirement, or expectation directing ICE to seek a judicial warrant from already overburdened federal courts before taking custody of an alien on civil immigration violations. This idea is simply a figment created by those who wish to undermine immigration enforcement and excuse the ill-conceived practices of sanctuary jurisdictions that put politics before public safety.

BS. [Multiple court rulings have challenged the constitutionality of detainers](https://lawreview.law.miami.edu/ice-detainers-constitutional-not/).

Funny how they complain about sanctuary cities not enforcing immigration law"" then turn around and admit it's just ""civil"" law not criminal law. Have they no knowledge of what due process is? 

From what I saw on a right wing website that should not be white listed here, the suspect overstayed a B-2 tourist visa after coming from Guyana. [It is likely he could have been prosecuted for failing to follow a final order of removal](https://immigration.findlaw.com/visas/what-happens-if-i-overstay-my-visa.html), so",https://www.reddit.com/r/politics/comments/epwvh7/man_accused_of_murdering_woman_92_should_have/femamsi/,2020-01-17T07:29:32+00:00,"{""subreddit"": ""politics"", ""score"": 1}"
reddit,fen2vkq,SquiffyRae,"Vishaul Singh. Played a couple of Test matches for the Windies. Kinda sucked. Decent domestic player but. Guyana has two main ethnic groups - Afro-Caribbean and Indo-Guyanese. All the ones with Pommy sounding names are usually Afro-Caribbean (Steven Jacobs, Leon Johnson, Carl Hooper, Anthony Bramble etc.) and the more complicated names (Chanderpaul, Veerasammy Permaul, Chattergoon, Deonarine, Chandrika etc.) are Indo-Guyanese",https://www.reddit.com/r/Cricket/comments/epyfpo/junior_chanderpaul_tagenarine_batted_one_full_day/fen2vkq/,2020-01-17T15:42:38+00:00,"{""subreddit"": ""Cricket"", ""score"": 16}"
reddit,feo00dg,Tundur,"The coup organised against the government of Madero in Mexico for threatening land reform which affected US investments. 

The Perry expedition to Japan forcing them to trade with the US against the wishes of their government.

The interventions against the countries of Central and South America leading to the 'banana republics'.


The invasion of Haiti to force them to let foreign interests purchase lands and businesses.


The 1949 Syrian coup, because the Syrians had delayed the construction of an oil pipeline.


The coup in Iran against a democratically elected government, the coup in Guatemala against a democratically elected government, the *numerous* attempts at destroying Cuba, the fixing of Guyanese elections in 1968, the interventions in Chile from 1962 to 1973 against Allende, the coup in Pakistan against a democratically elected government... I'm getting a bit tired and you can really google this yourself.




Whenever a country threatens the supremacy of American capital, the use of the dollar for international exchange, or makes *any* sort of attempt at asserting sovereignty in a way American doesn't like, it will be overthrown.

This also isn't even touching on the activities of France and Britain over and above this (like Burkina Faso, for example).







Assuming you now see the insane pressure arrayed against nascent socialist experiments can you see why it's incredibly unlikely they can survive, and why those that *do* survive end up as strict police states that ruthlessly crush opposition? Simply through natural selection: if they don't, they end up under a new Pinochet or Marcos",https://www.reddit.com/r/changemyview/comments/epts11/cmv_you_are_not_actually_anticapitalist_unless/feo00dg/,2020-01-17T20:34:14+00:00,"{""subreddit"": ""changemyview"", ""score"": 1}"
reddit,feo7d8q,DJ_Spam,"**Rihanna**  
 [artist pic](https://lastfm.freetls.fastly.net/i/u/252/2a96cbd8b46e442fc41c2b86b821562f.png)  

&gt; Robyn Rihanna Fenty (born February 20, 1988), known by her stage name, Rihanna, is a Bajan singer.  Her song ""Umbrella"" was one of the highest-selling songs of 2007 and her third album Good Girl Gone Bad was critically acclaimed, helping propel her to superstar status. She has attained fourteen Billboard Hot 100 number ones thus far and is the second Bajan artist to win a Grammy Award. She is also a cultural ambassador for Barbados.

&gt; Rihanna was born in Saint Michael, Barbados to Ronald Fenty, a warehouse supervisor, and Monica Fenty, an accountant.  Her mother, a native of Guyana, is Afro-Guyanese and her father is Bajan and Irish. She is the oldest of three siblings; two younger brothers, Rorrey and Rajad Fenty.  She began singing at around the age of seven.  Her childhood was deeply affected by her father's addiction to crack cocaine and parent's rocky marriage, which ended when she was fourteen years old.  Rihanna attended Charles F. Broome Memorial School, a primary school in Barbados, and then the Combermere School, where she formed a musical trio with two of her classmates at the age of fifteen.  In 2004 she won the Miss Combermere Beauty Pageant.  She was an army cadet in a sub-military programme that trained with the military of Barbados and Shontelle was her drill sergeant.

&gt; At the age of 15, she formed a girl group with two of her classmates.  In 2003, friends introduced Rihanna and her two bandmates to record producer Evan Rogers, who was vacationing in Barbados with his wife.  The group auditioned for Rogers, who said that ""the minute Rihanna walked into the room, it was like the other two girls didn't exist.""   While auditioning for Rogers, Rihanna sang Destiny's Child's cover of ""Emotion"".  Over the next year, Rihanna and her mom shuttled back and forth to Rogers home in Stamford, Connecticut. Then, shortly after turning 16, she relocated in the United States and moved in with Rogers and his wife.  Carl Sturken helped Rihanna record a four-song demo, which included the ballad ""The Last Time,"" a cover of Whitney Houston’s hit ""For the Love of You"" and what would become her first hit, ""Pon de Replay"" to send to various recording companies.  It took a year to record the demos, because she was going to school and would only record during summer and Christmas school breaks. Rihanna's demo made its way to Def Jam, which invited her to audition for the label's then-president, Jay-Z, who quickly signed her.

&gt; Rihanna broke into the recording industry in 2005 with the release of her debut album Music of the Sun, which features the number 2 hit single ""Pon de Replay"".  Less than a year later, Rihanna released album artist=Rihanna]A Girl Like Me and earned her first number-one single, ""SOS, which sampled the popular 80s track ""Tainted Love"".  ""Unfaithful"" was also released and was fairly successful.

&gt; Rihanna released her third album Good Girl Gone Bad in June 2007. Prior to the release of the album, she spent the week of the Grammys writing songs for the album with Ne-Yo.  She adopted a more sexual image while recording the album, eventually dying her hair black and cutting it short. Rihanna worked with Timbaland and Christopher ""Tricky"" Stewart, as well as previous musical collaborators such as Stargate, Carl Sturken and Evan Rogers to re-imagine her album compositions with uptempo dance tracks. Rihanna commented, ""I want to keep people dancing but still be soulful at the same time.  You feel different every album, and [at] this stage I feel like I want to do a lot of uptempo [songs].""

&gt; The album topped the charts in countries like the United Kingdom, Canada, Japan, Brazil, Russia and Ireland, and peaked at number two in the United States and Australia.  Unlike previous work, the album featured a more dance-pop sound instead of the dancehall, reggae and ballad styles. The album received positive reviews by critics, becoming her most critically acclaimed album at that time compared to her previous efforts.

&gt; It yielded eight hit singles - ""Umbrella""  ""Shut Up and Drive"", ""Don't Stop The Music"" ""Hate That I Love You"" ""Rehab"" ""Disturbia"" ""Take A Bow"" ""If I Never See Your Face Again"" - all singles reaching the top twenty on the Billboard Hot 100 — including the worldwide number-one hit ""Umbrella,"" featuring Jay-Z.  

&gt; In addition to reaching number one in various countries, ""Umbrella"" was the number one single in the United Kingdom for ten consecutive weeks, making it the longest-running number-one single since Wet Wet Wet's single ""Love Is All Around"" spent fifteen weeks at the top in 1994.  The song is listed number three on the 100 Best Songs of 2007 published by Rolling Stone magazine.  In 2008, ""Umbrella"" earned Rihanna and Jay-Z a Grammy Award for Best Rap/Sung Collaboration in addition to receiving nominations for Record of the Year and Song of the Year. It managed to stay at number one in the United Kingdom for 10 weeks, the longest time spent by a female and in the 21st century, on this chart.

&gt; ""Umbrella"" has also been recognised in various forms of accolades by the music press. The song is listed number three on the 100 Best Songs of 2007, published by the music magazine Rolling Stone. Time magazine also listed the song number three on their Top 10 Songs of 2007. The song is listed number one on Entertainment Weekly magazine's list of the 10 Best Singles of 2007, while topping the magazine's poll for the best single of 2007. Blender magazine awarded the song Song of the Year in their Readers' Poll 2007. The music press has considered ""Umbrella"" as 2007's Song of the Summer,  while The New York Times writer Kelefa Sanneh regarded it as ""arguably 2007's signature slow jam"".

&gt; In August 2009, Rihanna collaborated with Jay-Z and Kanye West on ""Run This Town."" The song peaked at number two on Billboard Hot 100 and also reached the top ten in five other countries. She appeared on the cover of Vogue Italia for the September 2009 Issue.  The shoot was influenced by Rihanna's hair, which she had cut for the shoot into a mohawk-like style. The style of the shoot was Extreme Couture and very dark, and in one shot she appeared semi-nude.  Rihanna performed ""Run This Town"" along with Jay-Z and West for the ""Answer the Call"" concert at Madison Square Garden in September 2009, making it her first musical performance since the altercation with Brown. The trio also performed ""Run This Town,"" on the premiere of The Jay Leno Show on September 14, 2009.

&gt; In November of 2009, Rated R was released in the wake of a physical altercation with romantic interest Chris Brown, who pled guilty to felony assault. The album's lead single, ""Russian Roulette"" -- written with Ne-Yo - was one of the year's most controversial singles. The album also includes collaborations with Tricky, The-Dream, Stargate, and SRP.

&gt; One year later, Rihanna released her fifth studio album called Loud. It's lead single, ""Only Girl (In the World)"", reached number one in more than ten countries. The song also won a Grammy Award for Best Dance Recording.

&gt; Talk That Talk was released one year after Loud. With the song ""We Found Love"", Rihanna became the fastest solo artist in the chart's history to achieve twenty Hot 100 top-ten singles, breaking the previous record set by Madonna. The song later became her eleventh number-one single on the Billboard Hot 100. ""You Da One"" became the second single from the album but was not as successful as ""We Found Love"". The third single from the album, ""Talk That Talk"" featuring Jay-Z, was announced on Rihanna's Twitter. The fourth single, ""Where Have You Been"", peaked at number five on the Billboard Hot 100.

&gt; 
On February 20, 2012, Rihanna and Chris Brown released 2 remixes, one featuring the ""Talk That Talk"" album track ""Birthday Cake"" and the other featuring Chris Brown's ""Turn Up The Music""

&gt; In April 2012, the singer appeared in the movie ""Battleship"", which is based on the game of the same name.

&gt; Rihanna's seventh album Unapologetic was released on November 19, 2012; it was preceded by the lead single Diamonds, which reached number one on the Billboard Hot 100 becoming Rihanna's twelfth number one single on the chart and tying her with Madonna and The Supremes for the fourth-most number ones in the chart's history.

&gt; On January 28, 2016, Rihanna released her eighth studio album ANTI exclusively through streaming service Tidal. The album peaked at number one on the US Billboard 200, becoming Rihanna's second number one and eighth top ten album on the chart. The album was supported by the release of four singles including the lead single ""Work"" featuring Drake, which topped the Billboard Hot 100. Further platinum singles ""Needed Me"" and ""Love on the Brain"" both peaked inside the top ten of the Hot 100. In 2016, Rihanna was featured on several singles. The first collaboration was Calvin Harris' ""This Is What You Came For,"" which reached number three on the Billboard Hot 100 and number two in the United Kingdom. Rihanna was also featured on Drake's ""Too Good"" from his album Views and Mike Will Made It's single, ""Nothing Is Promised"". On June 27, 2016, Rihanna released ""Sledgehammer"", the lead single from the Star Trek Beyond soundtrack. On August 28, Rihanna was honored with the MTV Video Vanguard Award at the 2016 MTV Video Music Awards.

&gt; 

&gt;  Read more on Last.fm.

 [last.fm](https://www.last.fm/music/Rihanna): 4,673,560 listeners, 208,676,653 plays  
 tags: *pop, rnb, female vocalists, dance, Hip-Hop*  

^^Please ^^downvote ^^if ^^incorrect!  ^^Self-deletes ^^if ^^score ^^is ^^0.",https://www.reddit.com/r/Music/comments/eq6p5z/rihanna_cheers_drink_to_that_pop/feo7d8q/,2020-01-17T21:22:12+00:00,"{""subreddit"": ""Music"", ""score"": 1}"
reddit,feot1zz,mangoroti,"Guyanese are cool peeps, but not this dumbass. Smh.",https://www.reddit.com/r/The_Donald/comments/eq8len/illegal_immigrant_from_guyana_raped_and_killed_a/feot1zz/,2020-01-17T23:49:58+00:00,"{""subreddit"": ""The_Donald"", ""score"": 0}"
reddit,fep80ws,Thagothropist,"Yep, I suddenly changed from a 36 year old Guyanese guy with 2 kids to a white pre-teen via the magic of your outrage.  You really should work on your self esteem, kid.  Once you’re in a good place watch the show again and you’ll see what the rest of us do.",https://www.reddit.com/r/ABCDesis/comments/eq6bpt/hank_azaria_says_he_will_no_longer_voice_apu_on/fep80ws/,2020-01-18T02:23:26+00:00,"{""subreddit"": ""ABCDesis"", ""score"": -1}"
reddit,feqox3x,G8kpr,"Interesting... I wasn't aware that this was an offensive term, but it's also a term I've barely heard. I completely forgot it existed until OP said it. If I had to refer to someone with differently ethnic parents, I'd say mixed race, but even then, I don't know if I'd ever even say that.

my friend's dad is Guyanese and his mom is Jamaican, I've never once thought of his race, and didn't know that fact until a few years of being a friend. Even then it was ""ok, whatever""",https://www.reddit.com/r/politics/comments/eq7k20/trump_rolls_back_michelle_obamas_school_lunch/feqox3x/,2020-01-18T10:46:40+00:00,"{""subreddit"": ""politics"", ""score"": 1}"
reddit,fertgfg,BussyBlastBismallah,"You all are some of the most privileged, ivory tower people I've ever seen. A bunch of white people circlejerking with other white people despite having never met a POC in their life. Go to a Turkish Eid Al-Fitr, a Puerto Rican Christmas, a Christmas with a black family from Overtown in Miami, a New Years with a first generation Guyanese family. You will hear some of the most racially charged jokes about every race in the world in your life. We *love* joking about this shit, by and large. It's not a big deal to us. 

So when a bunch of privileged white folks getting offended on our behalf, like we're some fucking child that needs to be coddled and protected by you, it's *incredibly* demeaning. I consider it far more racist that you feel I'm some precious flower that needs to be protected by you instead of just treating me like everyone else.

Thank you for coming to my TED Talk.

&gt; Racism is just that. Judging somebody or a group of people for their race, such as stereotyping them. It can be positive, negative, or neutral, but it is racism all the same.

Sick editing this in bro

No one is being ""judged"" here. No one is even being ""stereotyped"" here. The joke isn't ""HAHA NATIVE AMERICANS!"", the joke is ""HAHA SMALL DICK AND LOOSE VAGINA!"" Now, if you wanted to call it sexist, sure. It almost assuredly is. Though race being a *component* of a joke and race being *the* joke are two entirely different things.",https://www.reddit.com/r/boomershumor/comments/eqfhht/why_is_she_sad/fertgfg/,2020-01-18T14:36:54+00:00,"{""subreddit"": ""boomershumor"", ""score"": 0}"
reddit,fetias5,PepeInATrumpTweet,"I’m curious what she’d have to say about pre-post election differences. My fiancé is Guyanese and has encountered racist people from time to time throughout her life. Less so since she moved to Seattle from Texas. Most of the racist people she encounters are Indian immigrants, not American locals. 

Idk if your trolling or trying to have a real discussion about racism in America. You’re username makes it hard to tell 🤷🏻‍♂️",https://www.reddit.com/r/worldnews/comments/eqgy8h/iran_has_a_shockingly_strong_warcrimes_case/fetias5/,2020-01-18T19:28:34+00:00,"{""subreddit"": ""worldnews"", ""score"": 0}"
reddit,feugm76,artfulorpheus,"As someone who has had it, Guyanese cuisine is a really unique blend of influences fro East and South India, Africa, and the local foods.  They utilizes Indian spice blends and cooking but with native ingredients like cassava, sweet potatoes, and tilapia. This leads to some really unique and tasty dishes that have complex starts but bitter or spicy finishes.  They also have a strong tradition of sweet drinks and brews like spiced rum and ginger beer, which are commonly drunk in their own or used as an ingredient in dishes.  

Hotpots and curries are especially popular and tend to utilize spicy peppers in a rich broth.  While most are meat based, there is a strong amount of vegetarian cuisine in the inland south, so it would be one of the few places in the Americas post event that would have such a strong tradition, save maybe California and Cascadia.  

The interesting thing is, because, despite the diverse set of influences, almost all of the ingredients can be produced locally, leading to a situation where the cuisine wouldn't undergo much change post event.  

Likely, over time it would move closer towards Brazilian Cuisine and Carribean cuisine due to trade, incorperating sugar and citrusy fruit.  Coffee would likely rise in importance as well, with Guyana being a major stop in the Atlantic coffee trade and likely a luxury the farther from Brazil one moved, thus making it a prestige drink that is still somewhat accessable in Guyana.  We would likely see the bread move more towards that made from cassava flour instead of wheat or rice.",https://www.reddit.com/r/AfterTheEndFanFork/comments/eqgomp/which_cultures_food_do_you_imagine_would_be_the/feugm76/,2020-01-18T22:26:06+00:00,"{""subreddit"": ""AfterTheEndFanFork"", ""score"": 6}"
reddit,feuzda3,Physical-Support,I feel like that everyday I'm Irish/guyanese people think I'm Spanish or a freak I really don't know,https://www.reddit.com/r/mixedrace/comments/epcmop/does_anyone_else_feel_like_they_internally_search/feuzda3/,2020-01-18T23:51:15+00:00,"{""subreddit"": ""mixedrace"", ""score"": 1}"
reddit,fewc0b5,tronpalmer,How does your original post about the Guyanese guy prove that point?,https://www.reddit.com/r/Whatcouldgowrong/comments/eqn3z4/wcgw_if_i_waltz_up_to_the_white_house_with_a_gun/fewc0b5/,2020-01-19T04:29:24+00:00,"{""subreddit"": ""Whatcouldgowrong"", ""score"": 6}"
reddit,ff0e58t,RL2397,"I’ve found brown guys who were great but they all seemed to have issues with commitment, for one reason or another. Maybe it was my bad luck. Anyhow, it changed when I asked clearly what I wanted, which was commitment. And pretty soon found a Guyanese Indian guy who I’ve happily been dating for a little over a year now. 

I think setting boundaries is hard for Indian youth in general, as boundaries aren’t a thing defined in our culture. Once we learn to set boundaries we begin to find ourselves asking for someone willing to do the same, instead of just running from commitment (that’s not to say anyone with FWBs is afraid of commitment). 

Idk I don’t think it’s weird you have a FWB, if that’s what you want/need/desire at the moment. As long as you follow your own timing for seeking deeper connections, I don’t think there’s anything wrong with being in relationships you enjoy being in, no matter their level of commitment.",https://www.reddit.com/r/ABCDesis/comments/er0ust/for_girls_who_are_in_your_late_20s_do_you_have_a/ff0e58t/,2020-01-19T21:06:46+00:00,"{""subreddit"": ""ABCDesis"", ""score"": 4}"
reddit,ff1gci0,jyper,"Wow the anti immigrant propoganda in the title is intense

&gt; NYC sanctuary policy spared undocumented Guyanese immigrant from deportation, left him on the street to rape and murder 92-year-old Queens woman: ICE officials



As an aside Newspapers really need to stop with

""Crazy claim"" - Person/group says

Is a terrible title format, it basically provides the viewpoint of the person/organization as the title. At the very least 

Person/Group claims ""X""

Is much more balanced format, regardless of the side or content of the message

As for strategy I'd suggest NYC and other sanctuary cities allot extra money to fight the ICE in court. Maximum resistance.",https://www.reddit.com/r/moderatepolitics/comments/er3fya/ice_ups_ante_in_standoff_with_nyc_this_is_not_a/ff1gci0/,2020-01-20T00:06:28+00:00,"{""subreddit"": ""moderatepolitics"", ""score"": 3}"
reddit,ff21523,Aizen39,"I couldn’t agree more. Reminds me of a funny story

An Afghan, an Albanian, and Algerian, an American, an Andorran, an Angolan, an Antiguan, an Argintine, an Armenian, and Austrailian, an Austrian, an Azerbaijani, a Bahamian, a Bahraini, a Bangladeshi, a Barbadian, a Barbudans, a Batswanan, a Belarusian, a Belgian, a Belizean, a Beninese, a Bhutanese, a Bolivian, a Bosnian, a Brazilian, a Brit, a Bruneian, a Bulgarian, a Burkinabe, a Burmese, a Burundian, a Cambodian, a Cameroonian, a Canadian, a Cape Verdean, a Central African, a Chadian, a Chilean, a Chinese, a Colombian, a Comoran, a Congolese, a Costa Rican, a Croatian, a Cuban, a Cypriot, a Czech, a Dane, a Djibouti, a Dominican, a Dutchman, an East Timorese, an Ecuadorean, an Egyptian, an Emirian, an Equatorial Guinean, an Eritrean, an Estonian, an Ethiopian, a Fijian, a Filipino, a Finn, a Frenchman, a Gabonese, a Gambian, a Georgian, a German, a Ghanaian, a Greek, a Grenadian, a Guatemalan, a Guinea-Bissauan, a Guinean, a Guyanese, a Haitian, a Herzegovinian, a Honduran, a Hungarian, an I-Kiribati, an Icelander, an Indian, an Indonesian, an Iranian, an Iraqi, an Irishman, an Israeli, an Italian, an Ivorian, a Jamaican, a Japanese, a Jordanian, a Kazakhstani, a Kenyan, a Kittian and Nevisian, a Kuwaiti, a Kyrgyz, a Laotian, a Latvian, a Lebanese, a Liberian, a Libyan, a Liechtensteiner, a Lithuanian, a Luxembourger, a Macedonian, a Malagasy, a Malawian, a Malaysian, a Maldivan, a Malian, a Maltese, a Marshallese, a Mauritanian, a Mauritian, a Mexican, a Micronesian, a Moldovan, a Monacan, a Mongolian, a Moroccan, a Mosotho, a Motswana, a Mozambican, a Namibian, a Nauruan, a Nepalese, a New Zealander, a Nicaraguan, a Nigerian, a Nigerien, a North Korean, a Northern Irishman, a Norwegian, an Omani, a Pakistani, a Palauan, a Palestinian, a Panamanian, a Papua New Guinean, a Paraguayan, a Peruvian, a Pole, a Portuguese, a Qatari, a Romanian, a Russian, a Rwandan, a Saint Lucian, a Salvadoran, a Samoan, a San Marinese, a Sao Tomean, a Saudi, a Scottish, a Senegalese, a Serbian, a Seychellois, a Sierra Leonean, a Singaporean, a Slovakian, a Slovenian, a Solomon Islander, a Somali, a South African, a South Korean, a Spaniard, a Sri Lankan, a Sudanese, a Surinamer, a Swazi, a Swede, a Swiss, a Syrian, a Taiwanese, a Tajik, a Tanzanian, a Togolese, a Tongan, a Trinidadian or Tobagonian, a Tunisian, a Turkish, a Tuvaluan, a Ugandan, a Ukrainian, a Uruguayan, a Uzbekistani, a Venezuelan, a Vietnamese, a Welshman, a Yemenite, a Zambian and a Zimbabwean all go to a nightclub...

The doorman stops them and says “Sorry I can’t let you in without a Thai.”",https://www.reddit.com/r/u_Superfy_app/comments/equxm6/how_to_know_if_your_crush_like_you_just_ask_any/ff21523/,2020-01-20T03:30:07+00:00,"{""subreddit"": ""u_Superfy_app"", ""score"": 136}"
reddit,ff28aj9,mikechi2501,"If you're talking about Reeaz Khan, no, he wasn't a murderer at the time of the ICE request.

He was charged with Domestic Battery with a dangerous weapon I believe:

&gt;[In November, the NYPD arrested Khan, a Guyanese national, after he allegedly cut his father in the chest and arm with a mug during an argument. According to Immigration and Customs Enforcement, at the time federal immigration officers wanted to deport the 21-year-old, who is undocumented.](https://newyork.cbslocal.com/2020/01/15/92-year-old-murder-court-appearance/)


He then went on to allegedly rape and kill a 92 yr old women, and they have him on video

&gt;[But prosecutors say he was caught on surveillance video approaching Maria Fuertes from behind while she was still standing, checking a pile of garbage bags for returnable empties on 127th St. in South Richmond Hill just after midnight Jan. 6.](https://www.nydailynews.com/new-york/nyc-crime/ny-suspect-murder-sex-abuse-elderly-woman-20200113-oesgke5e2zdvhjmtzd6nk5dmky-story.html)

&gt;The video shows them then falling to the ground together, disappearing from view behind a car for four sickening minutes just around the corner from the victim’s home.

&gt;Then Khan, a day laborer who lives less than a mile from the crime scene, is seen running off alone.",https://www.reddit.com/r/news/comments/er1acl/this_is_not_a_request_ice_ups_ante_in_standoff/ff28aj9/,2020-01-20T05:05:13+00:00,"{""subreddit"": ""news"", ""score"": 14}"
reddit,ff29jqm,Vinto47,"&gt; ICE really can't have it both ways. On the one hand they argue that a lot in the way of Constitutional protections for individuals don't apply to what they do as they are a ""civil agency"" enforcing ""civil"" laws, and yet they want state and local law enforcement to work with them as this is supposed to be in furtherance of attacking criminal activity.

Except they can use the civil Avenue to help prevent criminal activity.  

&gt;The fourth subpoena asks for information about a Guyanese man charged this month with sexually assaulting and killing Maria Fuertas, a 92-year-old Queens woman.

&gt;That case became a flashpoint in the conflict after ICE officials said the city had released the woman’s alleged attacker, Reeaz Khan, 21, on earlier assault charges rather than turn him over for deportation. Khan was charged with murder Jan. 10 and remains in custody.

Khan was already under arrest for an assault charge so the city could easily have prevented this rape and murder if they had been compliant with ICE. Since he’s already under arrest all that would have needed to happen is a phone call to ICE and for Khan to be held at arraignment for an ICE agent to pick him up.  This sort of after arrest compliance would require no effort on the part of the city. One phone call could have saved Maria Fuertas from a brutal death.",https://www.reddit.com/r/news/comments/er1acl/this_is_not_a_request_ice_ups_ante_in_standoff/ff29jqm/,2020-01-20T05:23:53+00:00,"{""subreddit"": ""news"", ""score"": 1}"
reddit,ff2dc6f,pete1397,Oh rass first time i seen a guyanese on here with majority of their dna makeup being native,https://www.reddit.com/r/23andme/comments/er6och/im_likely_not_original_with_this_but_ya_gotta_do/ff2dc6f/,2020-01-20T06:25:55+00:00,"{""subreddit"": ""23andme"", ""score"": 1}"
reddit,ff2zgvv,rhinonyssus,"Doubles, you basically won't get them. Roti depends on your preferences. Ocho Rios is a Jamaican curry but I like it well enough. Tropical Heat (my preferred location) is Guyanese. The owner at Tropical Heat told me he was going to make doubles in the spring last year, I didn't check back in. My preferred dhalpuri and curry is home made by my inlaws. I prefer to get my Trinidad food-experience-fix while in Toronto.",https://www.reddit.com/r/ottawa/comments/er6w2y/best_place_for_roti_and_doubles/ff2zgvv/,2020-01-20T14:11:57+00:00,"{""subreddit"": ""ottawa"", ""score"": 3}"
reddit,ff384ug,Aizen39,"I couldn’t agree more. Reminds me of a funny story

An Afghan, an Albanian, and Algerian, an American, an Andorran, an Angolan, an Antiguan, an Argintine, an Armenian, and Austrailian, an Austrian, an Azerbaijani, a Bahamian, a Bahraini, a Bangladeshi, a Barbadian, a Barbudans, a Batswanan, a Belarusian, a Belgian, a Belizean, a Beninese, a Bhutanese, a Bolivian, a Bosnian, a Brazilian, a Brit, a Bruneian, a Bulgarian, a Burkinabe, a Burmese, a Burundian, a Cambodian, a Cameroonian, a Canadian, a Cape Verdean, a Central African, a Chadian, a Chilean, a Chinese, a Colombian, a Comoran, a Congolese, a Costa Rican, a Croatian, a Cuban, a Cypriot, a Czech, a Dane, a Djibouti, a Dominican, a Dutchman, an East Timorese, an Ecuadorean, an Egyptian, an Emirian, an Equatorial Guinean, an Eritrean, an Estonian, an Ethiopian, a Fijian, a Filipino, a Finn, a Frenchman, a Gabonese, a Gambian, a Georgian, a German, a Ghanaian, a Greek, a Grenadian, a Guatemalan, a Guinea-Bissauan, a Guinean, a Guyanese, a Haitian, a Herzegovinian, a Honduran, a Hungarian, an I-Kiribati, an Icelander, an Indian, an Indonesian, an Iranian, an Iraqi, an Irishman, an Israeli, an Italian, an Ivorian, a Jamaican, a Japanese, a Jordanian, a Kazakhstani, a Kenyan, a Kittian and Nevisian, a Kuwaiti, a Kyrgyz, a Laotian, a Latvian, a Lebanese, a Liberian, a Libyan, a Liechtensteiner, a Lithuanian, a Luxembourger, a Macedonian, a Malagasy, a Malawian, a Malaysian, a Maldivan, a Malian, a Maltese, a Marshallese, a Mauritanian, a Mauritian, a Mexican, a Micronesian, a Moldovan, a Monacan, a Mongolian, a Moroccan, a Mosotho, a Motswana, a Mozambican, a Namibian, a Nauruan, a Nepalese, a New Zealander, a Nicaraguan, a Nigerian, a Nigerien, a North Korean, a Northern Irishman, a Norwegian, an Omani, a Pakistani, a Palauan, a Palestinian, a Panamanian, a Papua New Guinean, a Paraguayan, a Peruvian, a Pole, a Portuguese, a Qatari, a Romanian, a Russian, a Rwandan, a Saint Lucian, a Salvadoran, a Samoan, a San Marinese, a Sao Tomean, a Saudi, a Scottish, a Senegalese, a Serbian, a Seychellois, a Sierra Leonean, a Singaporean, a Slovakian, a Slovenian, a Solomon Islander, a Somali, a South African, a South Korean, a Spaniard, a Sri Lankan, a Sudanese, a Surinamer, a Swazi, a Swede, a Swiss, a Syrian, a Taiwanese, a Tajik, a Tanzanian, a Togolese, a Tongan, a Trinidadian or Tobagonian, a Tunisian, a Turkish, a Tuvaluan, a Ugandan, a Ukrainian, a Uruguayan, a Uzbekistani, a Venezuelan, a Vietnamese, a Welshman, a Yemenite, a Zambian and a Zimbabwean all go to a nightclub...

The doorman stops them and says “Sorry I can’t let you in without a Thai.”",https://www.reddit.com/r/u_Huel_Ltd/comments/eomz7l/huel_has_helped_me_get_the_nutrition_i_need_when/ff384ug/,2020-01-20T15:59:07+00:00,"{""subreddit"": ""u_Huel_Ltd"", ""score"": 1}"
reddit,ff39yly,Akira13645,The rare Guyanese Dickbird,https://www.reddit.com/r/AskReddit/comments/erb76d/if_animals_could_talk_which_species_would_be_the/ff39yly/,2020-01-20T16:18:46+00:00,"{""subreddit"": ""AskReddit"", ""score"": 1}"
reddit,ff3yo8h,Aizen39,"I couldn’t agree more. Reminds me of a funny story

An Afghan, an Albanian, and Algerian, an American, an Andorran, an Angolan, an Antiguan, an Argintine, an Armenian, and Austrailian, an Austrian, an Azerbaijani, a Bahamian, a Bahraini, a Bangladeshi, a Barbadian, a Barbudans, a Batswanan, a Belarusian, a Belgian, a Belizean, a Beninese, a Bhutanese, a Bolivian, a Bosnian, a Brazilian, a Brit, a Bruneian, a Bulgarian, a Burkinabe, a Burmese, a Burundian, a Cambodian, a Cameroonian, a Canadian, a Cape Verdean, a Central African, a Chadian, a Chilean, a Chinese, a Colombian, a Comoran, a Congolese, a Costa Rican, a Croatian, a Cuban, a Cypriot, a Czech, a Dane, a Djibouti, a Dominican, a Dutchman, an East Timorese, an Ecuadorean, an Egyptian, an Emirian, an Equatorial Guinean, an Eritrean, an Estonian, an Ethiopian, a Fijian, a Filipino, a Finn, a Frenchman, a Gabonese, a Gambian, a Georgian, a German, a Ghanaian, a Greek, a Grenadian, a Guatemalan, a Guinea-Bissauan, a Guinean, a Guyanese, a Haitian, a Herzegovinian, a Honduran, a Hungarian, an I-Kiribati, an Icelander, an Indian, an Indonesian, an Iranian, an Iraqi, an Irishman, an Israeli, an Italian, an Ivorian, a Jamaican, a Japanese, a Jordanian, a Kazakhstani, a Kenyan, a Kittian and Nevisian, a Kuwaiti, a Kyrgyz, a Laotian, a Latvian, a Lebanese, a Liberian, a Libyan, a Liechtensteiner, a Lithuanian, a Luxembourger, a Macedonian, a Malagasy, a Malawian, a Malaysian, a Maldivan, a Malian, a Maltese, a Marshallese, a Mauritanian, a Mauritian, a Mexican, a Micronesian, a Moldovan, a Monacan, a Mongolian, a Moroccan, a Mosotho, a Motswana, a Mozambican, a Namibian, a Nauruan, a Nepalese, a New Zealander, a Nicaraguan, a Nigerian, a Nigerien, a North Korean, a Northern Irishman, a Norwegian, an Omani, a Pakistani, a Palauan, a Palestinian, a Panamanian, a Papua New Guinean, a Paraguayan, a Peruvian, a Pole, a Portuguese, a Qatari, a Romanian, a Russian, a Rwandan, a Saint Lucian, a Salvadoran, a Samoan, a San Marinese, a Sao Tomean, a Saudi, a Scottish, a Senegalese, a Serbian, a Seychellois, a Sierra Leonean, a Singaporean, a Slovakian, a Slovenian, a Solomon Islander, a Somali, a South African, a South Korean, a Spaniard, a Sri Lankan, a Sudanese, a Surinamer, a Swazi, a Swede, a Swiss, a Syrian, a Taiwanese, a Tajik, a Tanzanian, a Togolese, a Tongan, a Trinidadian or Tobagonian, a Tunisian, a Turkish, a Tuvaluan, a Ugandan, a Ukrainian, a Uruguayan, a Uzbekistani, a Venezuelan, a Vietnamese, a Welshman, a Yemenite, a Zambian and a Zimbabwean all go to a nightclub...

The doorman stops them and says “Sorry I can’t let you in without a Thai.”",https://www.reddit.com/r/u_friendedapp/comments/erhkr1/whats_the_best_way_to_be_the_most_honest/ff3yo8h/,2020-01-20T20:22:15+00:00,"{""subreddit"": ""u_friendedapp"", ""score"": 12}"
reddit,ff418sd,Aizen39,"I couldn’t agree more. Reminds me of a funny story

An Afghan, an Albanian, and Algerian, an American, an Andorran, an Angolan, an Antiguan, an Argintine, an Armenian, and Austrailian, an Austrian, an Azerbaijani, a Bahamian, a Bahraini, a Bangladeshi, a Barbadian, a Barbudans, a Batswanan, a Belarusian, a Belgian, a Belizean, a Beninese, a Bhutanese, a Bolivian, a Bosnian, a Brazilian, a Brit, a Bruneian, a Bulgarian, a Burkinabe, a Burmese, a Burundian, a Cambodian, a Cameroonian, a Canadian, a Cape Verdean, a Central African, a Chadian, a Chilean, a Chinese, a Colombian, a Comoran, a Congolese, a Costa Rican, a Croatian, a Cuban, a Cypriot, a Czech, a Dane, a Djibouti, a Dominican, a Dutchman, an East Timorese, an Ecuadorean, an Egyptian, an Emirian, an Equatorial Guinean, an Eritrean, an Estonian, an Ethiopian, a Fijian, a Filipino, a Finn, a Frenchman, a Gabonese, a Gambian, a Georgian, a German, a Ghanaian, a Greek, a Grenadian, a Guatemalan, a Guinea-Bissauan, a Guinean, a Guyanese, a Haitian, a Herzegovinian, a Honduran, a Hungarian, an I-Kiribati, an Icelander, an Indian, an Indonesian, an Iranian, an Iraqi, an Irishman, an Israeli, an Italian, an Ivorian, a Jamaican, a Japanese, a Jordanian, a Kazakhstani, a Kenyan, a Kittian and Nevisian, a Kuwaiti, a Kyrgyz, a Laotian, a Latvian, a Lebanese, a Liberian, a Libyan, a Liechtensteiner, a Lithuanian, a Luxembourger, a Macedonian, a Malagasy, a Malawian, a Malaysian, a Maldivan, a Malian, a Maltese, a Marshallese, a Mauritanian, a Mauritian, a Mexican, a Micronesian, a Moldovan, a Monacan, a Mongolian, a Moroccan, a Mosotho, a Motswana, a Mozambican, a Namibian, a Nauruan, a Nepalese, a New Zealander, a Nicaraguan, a Nigerian, a Nigerien, a North Korean, a Northern Irishman, a Norwegian, an Omani, a Pakistani, a Palauan, a Palestinian, a Panamanian, a Papua New Guinean, a Paraguayan, a Peruvian, a Pole, a Portuguese, a Qatari, a Romanian, a Russian, a Rwandan, a Saint Lucian, a Salvadoran, a Samoan, a San Marinese, a Sao Tomean, a Saudi, a Scottish, a Senegalese, a Serbian, a Seychellois, a Sierra Leonean, a Singaporean, a Slovakian, a Slovenian, a Solomon Islander, a Somali, a South African, a South Korean, a Spaniard, a Sri Lankan, a Sudanese, a Surinamer, a Swazi, a Swede, a Swiss, a Syrian, a Taiwanese, a Tajik, a Tanzanian, a Togolese, a Tongan, a Trinidadian or Tobagonian, a Tunisian, a Turkish, a Tuvaluan, a Ugandan, a Ukrainian, a Uruguayan, a Uzbekistani, a Venezuelan, a Vietnamese, a Welshman, a Yemenite, a Zambian and a Zimbabwean all go to a nightclub...

The doorman stops them and says “Sorry I can’t let you in without a Thai.”",https://www.reddit.com/r/u_Superfy_app/comments/eomt2s/incredible_concept_you_literally_ask_anything_and/ff418sd/,2020-01-20T20:49:00+00:00,"{""subreddit"": ""u_Superfy_app"", ""score"": 67}"
reddit,ff4e575,BigMothInDaHouse,"I couldn’t agree more. Reminds me of a funny story

An Afghan, an Albanian, and Algerian, an American, an Andorran, an Angolan, an Antiguan, an Argintine, an Armenian, and Austrailian, an Austrian, an Azerbaijani, a Bahamian, a Bahraini, a Bangladeshi, a Barbadian, a Barbudans, a Batswanan, a Belarusian, a Belgian, a Belizean, a Beninese, a Bhutanese, a Bolivian, a Bosnian, a Brazilian, a Brit, a Bruneian, a Bulgarian, a Burkinabe, a Burmese, a Burundian, a Cambodian, a Cameroonian, a Canadian, a Cape Verdean, a Central African, a Chadian, a Chilean, a Chinese, a Colombian, a Comoran, a Congolese, a Costa Rican, a Croatian, a Cuban, a Cypriot, a Czech, a Dane, a Djibouti, a Dominican, a Dutchman, an East Timorese, an Ecuadorean, an Egyptian, an Emirian, an Equatorial Guinean, an Eritrean, an Estonian, an Ethiopian, a Fijian, a Filipino, a Finn, a Frenchman, a Gabonese, a Gambian, a Georgian, a German, a Ghanaian, a Greek, a Grenadian, a Guatemalan, a Guinea-Bissauan, a Guinean, a Guyanese, a Haitian, a Herzegovinian, a Honduran, a Hungarian, an I-Kiribati, an Icelander, an Indian, an Indonesian, an Iranian, an Iraqi, an Irishman, an Israeli, an Italian, an Ivorian, a Jamaican, a Japanese, a Jordanian, a Kazakhstani, a Kenyan, a Kittian and Nevisian, a Kuwaiti, a Kyrgyz, a Laotian, a Latvian, a Lebanese, a Liberian, a Libyan, a Liechtensteiner, a Lithuanian, a Luxembourger, a Macedonian, a Malagasy, a Malawian, a Malaysian, a Maldivan, a Malian, a Maltese, a Marshallese, a Mauritanian, a Mauritian, a Mexican, a Micronesian, a Moldovan, a Monacan, a Mongolian, a Moroccan, a Mosotho, a Motswana, a Mozambican, a Namibian, a Nauruan, a Nepalese, a New Zealander, a Nicaraguan, a Nigerian, a Nigerien, a North Korean, a Northern Irishman, a Norwegian, an Omani, a Pakistani, a Palauan, a Palestinian, a Panamanian, a Papua New Guinean, a Paraguayan, a Peruvian, a Pole, a Portuguese, a Qatari, a Romanian, a Russian, a Rwandan, a Saint Lucian, a Salvadoran, a Samoan, a San Marinese, a Sao Tomean, a Saudi, a Scottish, a Senegalese, a Serbian, a Seychellois, a Sierra Leonean, a Singaporean, a Slovakian, a Slovenian, a Solomon Islander, a Somali, a South African, a South Korean, a Spaniard, a Sri Lankan, a Sudanese, a Surinamer, a Swazi, a Swede, a Swiss, a Syrian, a Taiwanese, a Tajik, a Tanzanian, a Togolese, a Tongan, a Trinidadian or Tobagonian, a Tunisian, a Turkish, a Tuvaluan, a Ugandan, a Ukrainian, a Uruguayan, a Uzbekistani, a Venezuelan, a Vietnamese, a Welshman, a Yemenite, a Zambian and a Zimbabwean all go to a nightclub...

The doorman stops them and says “Sorry I can’t let you in without a Thai.”",https://www.reddit.com/r/u_pkmncharitard69/comments/eqvrv5/me/ff4e575/,2020-01-20T23:04:22+00:00,"{""subreddit"": ""u_pkmncharitard69"", ""score"": 24}"
reddit,ff4j94z,pinkplacentasurprise,"That guy who raped and killed a 92 year old was supposed to be deported in November.  

He‘s Guyanese and overstayed his visa.  In November he was arrested on weapons and assault charges.  ICE sent a detainer, and per NY’s sanctuary policies they should’ve cooperated because it was a violent crime.  They ignored the detainer and released him.  

NYPD is now trying to claim they never received the detainer.  On Wednesday, ICE released a copy of of the fax transmission form dated Nov 27, the day of his arrest.  

It’s just like Puerto Rico.  These worthless fucks sacrifice human life because orange man bad.",https://www.reddit.com/r/The_Donald/comments/erlsx4/ice_issues_list_of_nine_fugitive_illegal/ff4j94z/,2020-01-21T00:02:16+00:00,"{""subreddit"": ""The_Donald"", ""score"": 60}"
reddit,ff5pmrm,DJ_Spam,"**Leona Lewis**  
 [artist pic](https://lastfm.freetls.fastly.net/i/u/252/2a96cbd8b46e442fc41c2b86b821562f.png)  

&gt; Leona Louise Lewis (born 3 April 1985) is a British pop singer. Lewis rose to prominence in 2006 as the winner of the third series of the British television series The X Factor.

&gt; Lewis has become a multi-platinum selling artist and three time Grammy Award nominee. She was proclaimed 'Top New Artist' by Billboard magazine in 2008. Her two albums Spirit and Echo, released in 2007 and 2009 respectively, have collectively sold in excess of 10 million copies worldwide and topped the charts in numerous countries. Lewis's debut tour, The Labyrinth, took place in 2010. As of December 2012, Lewis has sold 28 million records worldwide. Her third album Glassheart was released 12 October 2012. It was preceded by the single ""Collide"", which became her seventh top-five hit in the UK. With the release of Hurt: The EP and ""Trouble"", Lewis has had nine top-ten hits in the UK.

&gt; Lewis' debut single A Moment Like This became the fastest selling UK single after being downloaded over 50,000 times within thirty minutes of its release. Her second single, Bleeding Love, reached number one positions in over thirty singles charts around the world. In November 2008 she set a record in the UK for the fastest selling download-only release with her cover version of the Snow Patrol song Run which sold 69,244 copies in two days. Lewis's debut tour, The Labyrinth, started in 2010.

&gt; Lewis was born in the London Borough of Islington, to Aural Josiah ""Joe"" Lewis of Afro-Guyanese descent, and Maria Lewis of Welsh, Italian and Irish descent. Her parents enrolled her at the Sylvia Young Theatre School, and from there she attended the Italia Conti Academy and the BRIT School, where she learned to play instruments such as the guitar and piano, in the hope of becoming a singer-songwriter. Lewis wrote her first full-length song at the age of 12. She initially trained in opera, but went on to singing jazz and blues, eventually leading to popular music, citing Minnie Riperton, Eva Cassidy and Stevie Wonder as her main influences. After leaving the BRIT School at 17, she took a number of jobs to fund studio time, recording a demo album called Twilight. The album, almost exclusively comprising her own compositions, was recorded under Spiral Music, a production company based in Fulham. ""I tried to secure a record deal by doing things my own way. I worked very hard but I never managed to land a contract"", said Lewis. Other demos were recorded under licence from UEG Entertainment, later included on an album called Best Kept Secret. However, none of Lewis's demos were released and she considered taking a hiatus from her music career to attend university until her boyfriend persuaded her to enter The X Factor which subsequently severed her connections with UEG.

&gt; Songfacts says that Collide, the first single from Leona Lewis's third album finds her taking a more dance pop route than on her previous material. She said, ""I'm excited for people to see a different side to my music. I'm a fan of so many different genres and styles. For me this song has all the great ingredients of a summer anthem."" The song got its first play on Scott Mills' Radio One show on July 15, 2011 and will be released on September 4, 2011.
Lewis' third studio album, Glassheart, is due for release in 2012. Read more on Last.fm.

 [last.fm](https://www.last.fm/music/Leona+Lewis): 1,715,577 listeners, 27,770,071 plays  
 tags: *pop, female vocalists, soul, rnb, british*  

^^Please ^^downvote ^^if ^^incorrect!  ^^Self-deletes ^^if ^^score ^^is ^^0.",https://www.reddit.com/r/Music/comments/ert4y7/leona_lewis_better_in_time_rbpop_2007/ff5pmrm/,2020-01-21T11:09:14+00:00,"{""subreddit"": ""Music"", ""score"": 1}"
reddit,ff600h0,BigMothInDaHouse,"I couldn’t agree more. Reminds me of a funny story

An Afghan, an Albanian, an Algerian, an American, an Andorran, an Angolan, an Antiguan, an Argintine, an Armenian, and Austrailian, an Austrian, an Azerbaijani, a Bahamian, a Bahraini, a Bangladeshi, a Barbadian, a Barbudans, a Batswanan, a Belarusian, a Belgian, a Belizean, a Beninese, a Bhutanese, a Bolivian, a Bosnian, a Brazilian, a Brit, a Bruneian, a Bulgarian, a Burkinabe, a Burmese, a Burundian, a Cambodian, a Cameroonian, a Canadian, a Cape Verdean, a Central African, a Chadian, a Chilean, a Chinese, a Colombian, a Comoran, a Congolese, a Costa Rican, a Croatian, a Cuban, a Cypriot, a Czech, a Dane, a Djibouti, a Dominican, a Dutchman, an East Timorese, an Ecuadorean, an Egyptian, an Emirian, an Equatorial Guinean, an Eritrean, an Estonian, an Ethiopian, a Fijian, a Filipino, a Finn, a Frenchman, a Gabonese, a Gambian, a Georgian, a German, a Ghanaian, a Greek, a Grenadian, a Guatemalan, a Guinea-Bissauan, a Guinean, a Guyanese, a Haitian, a Herzegovinian, a Honduran, a Hungarian, an I-Kiribati, an Icelander, an Indian, an Indonesian, an Iranian, an Iraqi, an Irishman, an Israeli, an Italian, an Ivorian, a Jamaican, a Japanese, a Jordanian, a Kazakhstani, a Kenyan, a Kittian and Nevisian, a Kuwaiti, a Kyrgyz, a Laotian, a Latvian, a Lebanese, a Liberian, a Libyan, a Liechtensteiner, a Lithuanian, a Luxembourger, a Macedonian, a Malagasy, a Malawian, a Malaysian, a Maldivan, a Malian, a Maltese, a Marshallese, a Mauritanian, a Mauritian, a Mexican, a Micronesian, a Moldovan, a Monacan, a Mongolian, a Moroccan, a Mosotho, a Motswana, a Mozambican, a Namibian, a Nauruan, a Nepalese, a New Zealander, a Nicaraguan, a Nigerian, a Nigerien, a North Korean, a Northern Irishman, a Norwegian, an Omani, a Pakistani, a Palauan, a Palestinian, a Panamanian, a Papua New Guinean, a Paraguayan, a Peruvian, a Pole, a Portuguese, a Qatari, a Romanian, a Russian, a Rwandan, a Saint Lucian, a Salvadoran, a Samoan, a San Marinese, a Sao Tomean, a Saudi, a Scottish, a Senegalese, a Serbian, a Seychellois, a Sierra Leonean, a Singaporean, a Slovakian, a Slovenian, a Solomon Islander, a Somali, a South African, a South Korean, a Spaniard, a Sri Lankan, a Sudanese, a Surinamer, a Swazi, a Swede, a Swiss, a Syrian, a Taiwanese, a Tajik, a Tanzanian, a Togolese, a Tongan, a Trinidadian or Tobagonian, a Tunisian, a Turkish, a Tuvaluan, a Ugandan, a Ukrainian, a Uruguayan, a Uzbekistani, a Venezuelan, a Vietnamese, a Welshman, a Yemenite, a Zambian and a Zimbabwean all go to a nightclub...

The doorman stops them and says “Sorry I can’t let you in without a Thai.”",https://www.reddit.com/r/GoCommitDie/comments/erryr7/pain/ff600h0/,2020-01-21T14:06:24+00:00,"{""subreddit"": ""GoCommitDie"", ""score"": 47}"
reddit,ff73z9m,Aizen39,"I couldn’t agree more. Reminds me of a funny story

An Afghan, an Albanian, and Algerian, an American, an Andorran, an Angolan, an Antiguan, an Argintine, an Armenian, and Austrailian, an Austrian, an Azerbaijani, a Bahamian, a Bahraini, a Bangladeshi, a Barbadian, a Barbudans, a Batswanan, a Belarusian, a Belgian, a Belizean, a Beninese, a Bhutanese, a Bolivian, a Bosnian, a Brazilian, a Brit, a Bruneian, a Bulgarian, a Burkinabe, a Burmese, a Burundian, a Cambodian, a Cameroonian, a Canadian, a Cape Verdean, a Central African, a Chadian, a Chilean, a Chinese, a Colombian, a Comoran, a Congolese, a Costa Rican, a Croatian, a Cuban, a Cypriot, a Czech, a Dane, a Djibouti, a Dominican, a Dutchman, an East Timorese, an Ecuadorean, an Egyptian, an Emirian, an Equatorial Guinean, an Eritrean, an Estonian, an Ethiopian, a Fijian, a Filipino, a Finn, a Frenchman, a Gabonese, a Gambian, a Georgian, a German, a Ghanaian, a Greek, a Grenadian, a Guatemalan, a Guinea-Bissauan, a Guinean, a Guyanese, a Haitian, a Herzegovinian, a Honduran, a Hungarian, an I-Kiribati, an Icelander, an Indian, an Indonesian, an Iranian, an Iraqi, an Irishman, an Israeli, an Italian, an Ivorian, a Jamaican, a Japanese, a Jordanian, a Kazakhstani, a Kenyan, a Kittian and Nevisian, a Kuwaiti, a Kyrgyz, a Laotian, a Latvian, a Lebanese, a Liberian, a Libyan, a Liechtensteiner, a Lithuanian, a Luxembourger, a Macedonian, a Malagasy, a Malawian, a Malaysian, a Maldivan, a Malian, a Maltese, a Marshallese, a Mauritanian, a Mauritian, a Mexican, a Micronesian, a Moldovan, a Monacan, a Mongolian, a Moroccan, a Mosotho, a Motswana, a Mozambican, a Namibian, a Nauruan, a Nepalese, a New Zealander, a Nicaraguan, a Nigerian, a Nigerien, a North Korean, a Northern Irishman, a Norwegian, an Omani, a Pakistani, a Palauan, a Palestinian, a Panamanian, a Papua New Guinean, a Paraguayan, a Peruvian, a Pole, a Portuguese, a Qatari, a Romanian, a Russian, a Rwandan, a Saint Lucian, a Salvadoran, a Samoan, a San Marinese, a Sao Tomean, a Saudi, a Scottish, a Senegalese, a Serbian, a Seychellois, a Sierra Leonean, a Singaporean, a Slovakian, a Slovenian, a Solomon Islander, a Somali, a South African, a South Korean, a Spaniard, a Sri Lankan, a Sudanese, a Surinamer, a Swazi, a Swede, a Swiss, a Syrian, a Taiwanese, a Tajik, a Tanzanian, a Togolese, a Tongan, a Trinidadian or Tobagonian, a Tunisian, a Turkish, a Tuvaluan, a Ugandan, a Ukrainian, a Uruguayan, a Uzbekistani, a Venezuelan, a Vietnamese, a Welshman, a Yemenite, a Zambian and a Zimbabwean all go to a nightclub...

The doorman stops them and says “Sorry I can’t let you in without a Thai.”",https://www.reddit.com/r/u_Superfy_app/comments/eq53rn/literally_ask_anything_and_get_answers_in_a_chat/ff73z9m/,2020-01-21T21:04:14+00:00,"{""subreddit"": ""u_Superfy_app"", ""score"": 228}"
reddit,ff7frge,BigMothInDaHouse,"I couldn’t agree more. Reminds me of a funny story

An Afghan, an Albanian, and Algerian, an American, an Andorran, an Angolan, an Antiguan, an Argintine, an Armenian, and Austrailian, an Austrian, an Azerbaijani, a Bahamian, a Bahraini, a Bangladeshi, a Barbadian, a Barbudans, a Batswanan, a Belarusian, a Belgian, a Belizean, a Beninese, a Bhutanese, a Bolivian, a Bosnian, a Brazilian, a Brit, a Bruneian, a Bulgarian, a Burkinabe, a Burmese, a Burundian, a Cambodian, a Cameroonian, a Canadian, a Cape Verdean, a Central African, a Chadian, a Chilean, a Chinese, a Colombian, a Comoran, a Congolese, a Costa Rican, a Croatian, a Cuban, a Cypriot, a Czech, a Dane, a Djibouti, a Dominican, a Dutchman, an East Timorese, an Ecuadorean, an Egyptian, an Emirian, an Equatorial Guinean, an Eritrean, an Estonian, an Ethiopian, a Fijian, a Filipino, a Finn, a Frenchman, a Gabonese, a Gambian, a Georgian, a German, a Ghanaian, a Greek, a Grenadian, a Guatemalan, a Guinea-Bissauan, a Guinean, a Guyanese, a Haitian, a Herzegovinian, a Honduran, a Hungarian, an I-Kiribati, an Icelander, an Indian, an Indonesian, an Iranian, an Iraqi, an Irishman, an Israeli, an Italian, an Ivorian, a Jamaican, a Japanese, a Jordanian, a Kazakhstani, a Kenyan, a Kittian and Nevisian, a Kuwaiti, a Kyrgyz, a Laotian, a Latvian, a Lebanese, a Liberian, a Libyan, a Liechtensteiner, a Lithuanian, a Luxembourger, a Macedonian, a Malagasy, a Malawian, a Malaysian, a Maldivan, a Malian, a Maltese, a Marshallese, a Mauritanian, a Mauritian, a Mexican, a Micronesian, a Moldovan, a Monacan, a Mongolian, a Moroccan, a Mosotho, a Motswana, a Mozambican, a Namibian, a Nauruan, a Nepalese, a New Zealander, a Nicaraguan, a Nigerian, a Nigerien, a North Korean, a Northern Irishman, a Norwegian, an Omani, a Pakistani, a Palauan, a Palestinian, a Panamanian, a Papua New Guinean, a Paraguayan, a Peruvian, a Pole, a Portuguese, a Qatari, a Romanian, a Russian, a Rwandan, a Saint Lucian, a Salvadoran, a Samoan, a San Marinese, a Sao Tomean, a Saudi, a Scottish, a Senegalese, a Serbian, a Seychellois, a Sierra Leonean, a Singaporean, a Slovakian, a Slovenian, a Solomon Islander, a Somali, a South African, a South Korean, a Spaniard, a Sri Lankan, a Sudanese, a Surinamer, a Swazi, a Swede, a Swiss, a Syrian, a Taiwanese, a Tajik, a Tanzanian, a Togolese, a Tongan, a Trinidadian or Tobagonian, a Tunisian, a Turkish, a Tuvaluan, a Ugandan, a Ukrainian, a Uruguayan, a Uzbekistani, a Venezuelan, a Vietnamese, a Welshman, a Yemenite, a Zambian and a Zimbabwean all go to a nightclub...

The doorman stops them and says “Sorry I can’t let you in without a Thai.”",https://www.reddit.com/r/FiftyFifty/comments/erxdyt/5050_armored_alligator_sfw_aftermath_of_alligator/ff7frge/,2020-01-21T23:15:26+00:00,"{""subreddit"": ""FiftyFifty"", ""score"": 145}"
reddit,ff7g85h,BigMothInDaHouse,"I couldn’t agree more. Reminds me of a funny story

An Afghan, an Albanian, and Algerian, an American, an Andorran, an Angolan, an Antiguan, an Argintine, an Armenian, and Austrailian, an Austrian, an Azerbaijani, a Bahamian, a Bahraini, a Bangladeshi, a Barbadian, a Barbudans, a Batswanan, a Belarusian, a Belgian, a Belizean, a Beninese, a Bhutanese, a Bolivian, a Bosnian, a Brazilian, a Brit, a Bruneian, a Bulgarian, a Burkinabe, a Burmese, a Burundian, a Cambodian, a Cameroonian, a Canadian, a Cape Verdean, a Central African, a Chadian, a Chilean, a Chinese, a Colombian, a Comoran, a Congolese, a Costa Rican, a Croatian, a Cuban, a Cypriot, a Czech, a Dane, a Djibouti, a Dominican, a Dutchman, an East Timorese, an Ecuadorean, an Egyptian, an Emirian, an Equatorial Guinean, an Eritrean, an Estonian, an Ethiopian, a Fijian, a Filipino, a Finn, a Frenchman, a Gabonese, a Gambian, a Georgian, a German, a Ghanaian, a Greek, a Grenadian, a Guatemalan, a Guinea-Bissauan, a Guinean, a Guyanese, a Haitian, a Herzegovinian, a Honduran, a Hungarian, an I-Kiribati, an Icelander, an Indian, an Indonesian, an Iranian, an Iraqi, an Irishman, an Israeli, an Italian, an Ivorian, a Jamaican, a Japanese, a Jordanian, a Kazakhstani, a Kenyan, a Kittian and Nevisian, a Kuwaiti, a Kyrgyz, a Laotian, a Latvian, a Lebanese, a Liberian, a Libyan, a Liechtensteiner, a Lithuanian, a Luxembourger, a Macedonian, a Malagasy, a Malawian, a Malaysian, a Maldivan, a Malian, a Maltese, a Marshallese, a Mauritanian, a Mauritian, a Mexican, a Micronesian, a Moldovan, a Monacan, a Mongolian, a Moroccan, a Mosotho, a Motswana, a Mozambican, a Namibian, a Nauruan, a Nepalese, a New Zealander, a Nicaraguan, a Nigerian, a Nigerien, a North Korean, a Northern Irishman, a Norwegian, an Omani, a Pakistani, a Palauan, a Palestinian, a Panamanian, a Papua New Guinean, a Paraguayan, a Peruvian, a Pole, a Portuguese, a Qatari, a Romanian, a Russian, a Rwandan, a Saint Lucian, a Salvadoran, a Samoan, a San Marinese, a Sao Tomean, a Saudi, a Scottish, a Senegalese, a Serbian, a Seychellois, a Sierra Leonean, a Singaporean, a Slovakian, a Slovenian, a Solomon Islander, a Somali, a South African, a South Korean, a Spaniard, a Sri Lankan, a Sudanese, a Surinamer, a Swazi, a Swede, a Swiss, a Syrian, a Taiwanese, a Tajik, a Tanzanian, a Togolese, a Tongan, a Trinidadian or Tobagonian, a Tunisian, a Turkish, a Tuvaluan, a Ugandan, a Ukrainian, a Uruguayan, a Uzbekistani, a Venezuelan, a Vietnamese, a Welshman, a Yemenite, a Zambian and a Zimbabwean all go to a nightclub...

The doorman stops them and says “Sorry I can’t let you in without a Thai.”",https://www.reddit.com/r/eddit/comments/es2w5j/this_pantsfull_guy_stole_some_of_my_chickens/ff7g85h/,2020-01-21T23:20:30+00:00,"{""subreddit"": ""eddit"", ""score"": 3}"
reddit,ff8tarq,uwuwizard,"&gt;*· · · Bleep bloop, I'm a bot. Comment requested by* u/DabOnMyCat

I-I couwdn’t agwee mowe. Weminds me of a f-funny stowy

An A-Afghan, an A-Awbanian, awnd Awgewian, an Amewican, an Andowwan, an Angowan, an A-Antigwan, an Awgintine, an Awmenian, awnd Austwaiwian, an Austwian, an A-Azewbaijani, a B-Bahamian, a B-Bahwaini, a Bangwadeshi, a Bawbadian, a B-Bawbudans, a Batswanan, a Bewawusian, a Bewgian, a Bewizean, a Beninese, a Bhutanese, a Bowivian, a Bosnian, a B-Bwaziwian, a Bwit, a Bwuneian, a Buwgawian, a Buwkinabe, a Buwmese, a Buwundian, a Cambodian, a Camewoonian, a Canadian, a Cape Vewdean, a Centwaw A-Afwican, a Chadian, a Chiwean, a Chinese, a C-Cowombian, a C-Comowan, a C-Congowese, a Costa Wican, a Cwoatian, a Cuban, a Cypwiot, a Czech, a Dane, a D-Djibouti, a D-Dominican, a Dutchman, an East Timowese, an Ecwadowean, an Egyptian, an Emiwian, an Eqwatowiaw Guinean, an Ewitwean, an Estonian, an Ediopian, a Fijian, a Fiwipino, a Finn, a F-Fwenchman, a G-Gabonese, a Gambian, a G-Geowgian, a Gewman, a Ghanaian, a Gweek, a Gwenadian, a Gwatemawan, a Guinea-Bissawan, a Guinean, a Guyanese, a Haitian, a H-Hewzegovinian, a H-Honduwan, a H-Hungawian, an I-Kiwibati, an I-Icewandew, an Indian, an Indonesian, an Iwanian, an I-Iwaqi, an Iwishman, an Iswaewi, an Itawian, an Ivowian, a Jamaican, a Japanese, a Jowdanian, a Kazakhstani, a Kenyan, a K-Kittian awnd Nevisian, a Kuwaiti, a Kywgyz, a Waotian, a Watvian, a Webanese, a Wibewian, a Wibyan, a W-Wiechtensteinew, a Widwanian, a Wuxembouwgew, a Macedonian, a Mawagasy, a Mawawian, a M-Mawaysian, a M-Mawdivan, a Mawian, a Mawtese, a Mawshawwese, a Mauwitanian, a Mauwitian, a Mexican, a Micwonesian, a Mowdovan, a Monacan, a Mongowian, a Mowoccan, a M-Mosodo, a Motswana, a Mozambican, a Namibian, a Nauwwan, a Nepawese, a New Zeawandew, a Nicawagwan, a Nigewian, a Nigewien, a Nowd Kowean, a Nowdewn Iwishman, a Nowwegian, an Omani, a Pakistani, a Pawawan, a Pawestinian, a P-Panamanian, a Papwa New Guinean, a Pawagwayan, a Pewuvian, a Powe, a Powtuguese, a Qatawi, a W-Womanian, a Wussian, a Wwandan, a Saint Wucian, a Sawvadowan, a S-Samoan, a San Mawinese, a Sao T-Tomean, a Saudi, a Scottish, a Senegawese, a Sewbian, a Seychewwois, a S-Siewwa Weonean, a Singapowean, a Swovakian, a S-Swovenian, a Sowomon Iswandew, a Somawi, a Soud Afwican, a Soud Kowean, a Spaniawd, a Swi Wankan, a Sudanese, a Suwinamew, a Swazi, a Swede, a S-Swiss, a Sywian, a Taiwanese, a Tajik, a Tanzanian, a Togowese, a T-Tongan, a Twinidadian ow Tobagonian, a Tunisian, a Tuwkish, a Tuvawwan, a Ugandan, a Ukwainian, a U-Uwugwayan, a Uzbekistani, a Venezuewan, a Vietnamese, a W-Wewshman, a Yemenite, a Z-Zambian awnd a Z-Zimbabwean aww gow tuwu a nightcwub...

De d-doowman stops dem a-awnd says “Sowwy I-I can’t wet yuw in widout a Dai.”



---



*If you think this comment does not belong here, reply with ""delete"" (blacklisted users cannot delete)*

*Tag me to uwuwize comments* **uwuwizard** ([Info](http://reddit.com/u/uwuwizard/comments/dq2r1y), [Request disable](http://reddit.com/u/uwuwizard/comments/dq2r1y))",https://www.reddit.com/r/FiftyFifty/comments/erxdyt/5050_armored_alligator_sfw_aftermath_of_alligator/ff8tarq/,2020-01-22T12:14:46+00:00,"{""subreddit"": ""FiftyFifty"", ""score"": 1}"
reddit,ff9bwxg,Aizen39,"I couldn’t agree more. Reminds me of a funny story

An Afghan, an Albanian, and Algerian, an American, an Andorran, an Angolan, an Antiguan, an Argintine, an Armenian, and Austrailian, an Austrian, an Azerbaijani, a Bahamian, a Bahraini, a Bangladeshi, a Barbadian, a Barbudans, a Batswanan, a Belarusian, a Belgian, a Belizean, a Beninese, a Bhutanese, a Bolivian, a Bosnian, a Brazilian, a Brit, a Bruneian, a Bulgarian, a Burkinabe, a Burmese, a Burundian, a Cambodian, a Cameroonian, a Canadian, a Cape Verdean, a Central African, a Chadian, a Chilean, a Chinese, a Colombian, a Comoran, a Congolese, a Costa Rican, a Croatian, a Cuban, a Cypriot, a Czech, a Dane, a Djibouti, a Dominican, a Dutchman, an East Timorese, an Ecuadorean, an Egyptian, an Emirian, an Equatorial Guinean, an Eritrean, an Estonian, an Ethiopian, a Fijian, a Filipino, a Finn, a Frenchman, a Gabonese, a Gambian, a Georgian, a German, a Ghanaian, a Greek, a Grenadian, a Guatemalan, a Guinea-Bissauan, a Guinean, a Guyanese, a Haitian, a Herzegovinian, a Honduran, a Hungarian, an I-Kiribati, an Icelander, an Indian, an Indonesian, an Iranian, an Iraqi, an Irishman, an Israeli, an Italian, an Ivorian, a Jamaican, a Japanese, a Jordanian, a Kazakhstani, a Kenyan, a Kittian and Nevisian, a Kuwaiti, a Kyrgyz, a Laotian, a Latvian, a Lebanese, a Liberian, a Libyan, a Liechtensteiner, a Lithuanian, a Luxembourger, a Macedonian, a Malagasy, a Malawian, a Malaysian, a Maldivan, a Malian, a Maltese, a Marshallese, a Mauritanian, a Mauritian, a Mexican, a Micronesian, a Moldovan, a Monacan, a Mongolian, a Moroccan, a Mosotho, a Motswana, a Mozambican, a Namibian, a Nauruan, a Nepalese, a New Zealander, a Nicaraguan, a Nigerian, a Nigerien, a North Korean, a Northern Irishman, a Norwegian, an Omani, a Pakistani, a Palauan, a Palestinian, a Panamanian, a Papua New Guinean, a Paraguayan, a Peruvian, a Pole, a Portuguese, a Qatari, a Romanian, a Russian, a Rwandan, a Saint Lucian, a Salvadoran, a Samoan, a San Marinese, a Sao Tomean, a Saudi, a Scottish, a Senegalese, a Serbian, a Seychellois, a Sierra Leonean, a Singaporean, a Slovakian, a Slovenian, a Solomon Islander, a Somali, a South African, a South Korean, a Spaniard, a Sri Lankan, a Sudanese, a Surinamer, a Swazi, a Swede, a Swiss, a Syrian, a Taiwanese, a Tajik, a Tanzanian, a Togolese, a Tongan, a Trinidadian or Tobagonian, a Tunisian, a Turkish, a Tuvaluan, a Ugandan, a Ukrainian, a Uruguayan, a Uzbekistani, a Venezuelan, a Vietnamese, a Welshman, a Yemenite, a Zambian and a Zimbabwean all go to a nightclub...

The doorman stops them and says “Sorry I can’t let you in without a Thai.”",https://www.reddit.com/r/u_Huel_Ltd/comments/eo76gn/looking_for_convenient_yet_nutritious_food_huel/ff9bwxg/,2020-01-22T16:10:54+00:00,"{""subreddit"": ""u_Huel_Ltd"", ""score"": 1}"
reddit,ff9vuo4,Sta723,"You think obesity boils down to simply will power ? That’s hilarious and wrong. 

According to quick google searches -

38 million people live in poverty in the US. 

93 percent of America’s existence has them in a war depending on your definition of war. 

In 2019 alone there been a reported 417 mass shootings. 

Racism exists whether the news ( which I never mentioned) says it or not. It may not be as blatant and obvious, but show me the fundings of minority filled areas vs others. Tell me that’s not racism. Tell me there’s no racism when there’s hate crimes and groups who are vocal about it. Hell my Guyanese friend got refused service at a bar in Orlando of all places. 

We can all demonize these issues , and say we don’t like them but you’re lying to yourself if you think they don’t exist.",https://www.reddit.com/r/MurderedByWords/comments/esa4sn/this_could_start_a_war/ff9vuo4/,2020-01-22T19:50:30+00:00,"{""subreddit"": ""MurderedByWords"", ""score"": 2}"
reddit,ff9x8vv,MrbevarFTW,Cant wait to see the Guyanese One,https://www.reddit.com/r/vexillology/comments/es5pf4/country_space_flags_1_afghanistan/ff9x8vv/,2020-01-22T20:04:49+00:00,"{""subreddit"": ""vexillology"", ""score"": 1}"
reddit,ff9zel9,dirty_fishbones,"I feel like the [hair](https://imgur.com/a/LNBHXAN) makes a big difference in perception

My mom is puerto rican and has similar coloring to me. My day is half french (white)/half guyanese (looks ""black"" but may also be mixed knowing the history of the country)

Edit: and thank you for your comment!",https://www.reddit.com/r/mixedrace/comments/esevoa/rmixedrace_whatami_wednesday_january_22_2020/ff9zel9/,2020-01-22T20:26:09+00:00,"{""subreddit"": ""mixedrace"", ""score"": 3}"
reddit,ffae9bs,iregretpokingholes,"I was gonna bring that rule up earlier. Because being CIVIL is usually a rule on all subs. But i dropped the topic. Google translate might be a thing. But speaking guyanese isnt a translatable language.

Edit: if you dont believe me, copy my example and paste it on google. Its not translatable",https://www.reddit.com/r/NoStupidQuestions/comments/esd2da/if_i_get_into_an_argument_with_another_redditor/ffae9bs/,2020-01-22T22:52:52+00:00,"{""subreddit"": ""NoStupidQuestions"", ""score"": 1}"
reddit,ffb2blz,djmonize13,"Really random, but it's awesome to see both the Guyanese and and Canadian flags as part of the setup!",https://www.reddit.com/r/simracing/comments/esj13g/monitor_upgrade_went_from_34_219_to_49_inch/ffb2blz/,2020-01-23T03:26:58+00:00,"{""subreddit"": ""simracing"", ""score"": 1}"
reddit,ffb4w1y,thelonecaner,"I'm not sure that entirely works for me. So the 1941 Long Pond from G&amp;M that was aged for 58 years in Scotland, is not longer Jamaican?  The Bristol Spirits Port Mourant 1980 is not a Guyanese rum, but Scottish? Sounds far fetched but this is where unreasoned application of the principle might lead if adopted generally.

The argument I agree with is that value added provided by (in this case) ageing at origin should stay in the country of origin for a reasonable period. No issues. But for someone to tell me that somehow generations of Guyanese, Barbados and Jamaican rums are no longer Guyanese, Jamaican or Barbadian because the were aged somewhere else is harder to digest (it would imply, for example, that the last batch of Caronis aged in Guyana are no longer Trinidadian).  I maintain that this portion of the GI is not about heritage, ethics, ""rightness,"" or anything so noble, but all about money.  Which I don't object to, just prefer not to obscure with weasel terms meant to appeal to people's emotional natures.

Personally, I think a compromise is easily reachable here by simply coming to a more reasoned agreement on the amount of tropical ageing that can qualify a rum to say ""Country X rum"" under the provisions of a GI.  One year is not enough IMHO.  Ten is too restrictive. Five may be just about right because this would permit bulk rum sales to Europe to continue at a reasonable clip, and then blenders and indies can continue to make whatever they want, and we'd know the minimum age of what they're forced to be using.",https://www.reddit.com/r/rum/comments/es8q1x/the_barbados_rum_gi_west_indies_rum_distillery/ffb4w1y/,2020-01-23T03:57:48+00:00,"{""subreddit"": ""rum"", ""score"": 2}"
reddit,ffc6f87,C38368,"&gt; So the 1941 Long Pond from G&amp;M that was aged for 58 years in Scotland, is not longer Jamaican?  The Bristol Spirits Port Mourant 1980 is not a Guyanese rum, but Scottish? Sounds far fetched but this is where unreasoned application of the principle might lead if adopted generally.

But, if Continental ageing is as different from Caribbean ageing as is generally accepted--or at least claimed--then is a Jamaican distillate aged 58 years in Scotland *really* a Jamaican rum? Or is it a Jamican *distillate*, aged, blended, and bottled in Scotland? If an Islay distillate were barreled and shipped to Kentucky to be aged for 16 years, would the end result be an Islay Scotch? (Ignore the GI implications of that hypothetical--just consider it in terms of how the finished product will come out.)

The more I think about this, the more I support a middle view, where calling a rum ""Barbados"" or ""Jamaican"" should require that 100% of the production, finishing, and perhaps even packaging, occur in the appropriate country. But I *absolutely* support independent bottlers being able to indicate the county of origin of their rum, even if it were aged, stored, finished, or packaged elsewhere. Whether that means ""Jamaican distillate, aged and blended in Scotland,"" or simply something like ""Jamaican-style"" 

Autos might be a reasonable analogy: an Americans tend to consider European brands to be premium, somehow. They're more posh, more luxurious, more sexy. But British cars have a terrible reputation in the US, because they were *horribly* unreliable for decades. So, even though there are probably plenty of reliable British cars out there (I'm guessing?) they're considered expensive and repair-prone in the US, because British Leyland was willing to sell what amounted to an inferior product here. Not that auto exports to the US are terribly integral to the British economy, but rum *is* integral to many Caribbean economies.",https://www.reddit.com/r/rum/comments/es8q1x/the_barbados_rum_gi_west_indies_rum_distillery/ffc6f87/,2020-01-23T15:16:59+00:00,"{""subreddit"": ""rum"", ""score"": 1}"
reddit,ffc7oyz,daily_dose_of_fiber,a guyanese version of Ana De Armas! gorgeous,https://www.reddit.com/r/MixedRaceGirls/comments/essohy/guyanese_x_british/ffc7oyz/,2020-01-23T15:30:44+00:00,"{""subreddit"": ""MixedRaceGirls"", ""score"": 4}"
reddit,ffd0vhr,makaiforestvixen,"

Getting married 2021, will be 31 (Guyanese), to a wonderful Manitoban man. ☺️",https://www.reddit.com/r/ABCDesis/comments/esvubx/what_age_did_you_get_marriedplan_to_get_married/ffd0vhr/,2020-01-23T20:26:55+00:00,"{""subreddit"": ""ABCDesis"", ""score"": 6}"
reddit,ffdj73j,vbee12,"The food is absolutely delicious, the people are nice and the culture is fun! I love being Guyanese 😊",https://www.reddit.com/r/Guyana/comments/et0134/i_am_curious_about_guyana_what_can_you_tell_me/ffdj73j/,2020-01-23T23:26:44+00:00,"{""subreddit"": ""Guyana"", ""score"": 7}"
reddit,ffdkfuk,vbee12,Everything from chinese Guyanese food to Indian foods. It's a mixture of cultures and foods which makes it that much more taster. Are planning on going there or something?,https://www.reddit.com/r/Guyana/comments/et0134/i_am_curious_about_guyana_what_can_you_tell_me/ffdkfuk/,2020-01-23T23:39:27+00:00,"{""subreddit"": ""Guyana"", ""score"": 8}"
reddit,ffdxads,Lynxx360,Ever seen him smash that Guyanese chick? Epic,https://www.reddit.com/r/damngoodinterracial/comments/et331c/white_young_teen_taking_big_black_dick_se1/ffdxads/,2020-01-24T02:00:21+00:00,"{""subreddit"": ""damngoodinterracial"", ""score"": 1}"
reddit,ffdydq6,Tasbabytas,Just say your Guyanese and adhere to your Latino/south American identity. What are they really going to say?,https://www.reddit.com/r/MBA/comments/et16ie/what_do_people_mean_when_referring_to_the_indian/ffdydq6/,2020-01-24T02:13:23+00:00,"{""subreddit"": ""MBA"", ""score"": -10}"
reddit,ffe9ow5,thelonecaner,"I'd prefer to see something like ""58 YO Jamaican Rum"", and right underneath that, ""Distilled in Jamaica, Aged in Scotland for X years"".  As noted elsewhere in this thread, I'm not against an agreed to minimum-aging in country of origin to retain value there before being sold on to others, but do not believe ageing abroad is enough to make it lose its basic properties of the country of origin (as any amount of Jamaican, Barbadian and Guyanese rums released by indies over the decades have demonstrated quite clearly).",https://www.reddit.com/r/rum/comments/es8q1x/the_barbados_rum_gi_west_indies_rum_distillery/ffe9ow5/,2020-01-24T04:36:13+00:00,"{""subreddit"": ""rum"", ""score"": 3}"
reddit,ffeq6qp,thelonecaner,"I swear to you that your post made me smile, not in a bad way, but because the ""child raised n a foreign country"" metaphor had also occurred to me. But I had felt that to equate the complexity of child rearing with a social drink was not appropriate and so dropped the idea (plus, the simplicity of the simile, which ignores parental care in home cultures while in foreign countries can't be underestimated, which I know from personal experience).

Anyway.  You're right, I have no stake in either side. Nor am I advocating for either side.  I'm just trying to work through the thicket of points each side's adherents are making, combining them with my own beliefs and experiences, and try to identify a common middle.

What informs my issue with ageing is that I can tell a Jamaican, Barbadian or Guyanese rum (for example), whether it has been Tropically Aged (TA) or Continentally (CA).  The difference between a TA and a CA rum from the same distillery to me, is much less than a WIRD rum (TA or CA) from a 4S rum (TA or CA).  By that standard then, how can I believe that it is somehow ""better"" to allow only a TA bottling from Barbados to bear its moniker and ignore a CA bottling which is similar in profile?  I'm not hardline about it - I've written before that a minimum ageing in country of origin should be part of the GI to keep revenue in-country - I'm just not exclusively for either side in an all-or-nothing approach, which is the case for far too many commentators.

As for the term""Barbados Rum"", well, I don't know.  Let's assume you're right and only TA rums from the island can use the term.  How long must TA be before being allowed to use the term? One year, three, five, ""for all time""? And the two word term - that still leaves Rum from Barbados, Barbadian Rum, Bajan Rum, Rum Made in Barbados, Rum Distilled in Barbados, etc etc...how many different exclusions or inclusions will there be before it becomes unworkable? I don't have an answer to this but maybe after some further discussions in fora like this one, someone will propose an idea everyone can get behind",https://www.reddit.com/r/rum/comments/es8q1x/the_barbados_rum_gi_west_indies_rum_distillery/ffeq6qp/,2020-01-24T09:59:47+00:00,"{""subreddit"": ""rum"", ""score"": 1}"
reddit,fffkv7x,pit_of_despair,"Guyanese: 

Rum til I die",https://www.reddit.com/r/AskReddit/comments/etbptx/whats_something_only_people_of_your_culture_would/fffkv7x/,2020-01-24T17:15:53+00:00,"{""subreddit"": ""AskReddit"", ""score"": 0}"
reddit,fffprih,Junevanillalover_278,"Cook up rice, curry Chicken, pepperpot, saltfish and bake, bread, Guyanese patties, Rum, Guyanese coffee, sour sap, plantain chips, mauby, cassava bread, etc just to name a few.  My favorite, of course, is the desserts.  If I were you, I would google Guyanese cuisine.",https://www.reddit.com/r/Guyana/comments/et0134/i_am_curious_about_guyana_what_can_you_tell_me/fffprih/,2020-01-24T18:05:46+00:00,"{""subreddit"": ""Guyana"", ""score"": 3}"
reddit,ffg60ev,hlatif1,"uh this would probably be an awful idea, I imagine that Guyanese names are pretty different from South Asian names so probably running a high risk of getting caught...",https://www.reddit.com/r/MBA/comments/et16ie/what_do_people_mean_when_referring_to_the_indian/ffg60ev/,2020-01-24T20:53:22+00:00,"{""subreddit"": ""MBA"", ""score"": 1}"
reddit,ffgejd8,curly-hair07,I get guyanese  like allllll the time.,https://www.reddit.com/r/AskWomen/comments/et4e57/what_nationality_are_you_often_mistaken_as/ffgejd8/,2020-01-24T22:21:04+00:00,"{""subreddit"": ""AskWomen"", ""score"": 1}"
reddit,ffgt56t,hlatif1,but Guyanese are still ethnically Indian....I don't think the schools will suddenly believe that consider URM,https://www.reddit.com/r/MBA/comments/et16ie/what_do_people_mean_when_referring_to_the_indian/ffgt56t/,2020-01-25T01:06:39+00:00,"{""subreddit"": ""MBA"", ""score"": 1}"
reddit,ffh0evg,Diotoiren,"* About half of the territories change their National Booking Committee member, however the stalwarts such as in the Neo-Victory Pro-Wrestling, Rocky Mountain Wrestling, Stampede Wrestling, etc remain the same.
* Ana Skyworth a young Guyanese politician has won the first ever Guyanese elections as a Promotion, and will now lead the Canadian Promotion.
* In a surprising turn of events, Rodriguez Whorehey of internet fame has been replaced by [""Lord Rhaburn"" the Lord of Rap](https://www.youtube.com/watch?v=p2MVE_0Xdcc) who is also a master wrestler as well.",https://www.reddit.com/r/worldpowers/comments/etkrij/election_the_next_champion/ffh0evg/,2020-01-25T02:36:05+00:00,"{""subreddit"": ""worldpowers"", ""score"": 1}"
reddit,ffh4482,Bbg_Kim,"if this is real, this is fuckin terrible. im black and all (well guyanese and puerto in the US) but not all blacks or Muslims or refugees are like this. People keep saying ""they"" as a collective as if we're all like this. yeah this group of kids is out of control, jumping isn't okay and its cowardly but damn guys.  stop acting like everyone who belongs to a certain group acts the same.",https://www.reddit.com/r/PublicFreakout/comments/eth62n/colonizing_the_colonizers_in_france/ffh4482/,2020-01-25T03:23:07+00:00,"{""subreddit"": ""PublicFreakout"", ""score"": 2}"
reddit,ffhvobw,Soup_Ladle,"I couldn’t agree more. Reminds me of a funny story

An Afghan, an Albanian, and Algerian, an American, an Andorran, an Angolan, an Antiguan, an Argintine, an Armenian, and Austrailian, an Austrian, an Azerbaijani, a Bahamian, a Bahraini, a Bangladeshi, a Barbadian, a Barbudans, a Batswanan, a Belarusian, a Belgian, a Belizean, a Beninese, a Bhutanese, a Bolivian, a Bosnian, a Brazilian, a Brit, a Bruneian, a Bulgarian, a Burkinabe, a Burmese, a Burundian, a Cambodian, a Cameroonian, a Canadian, a Cape Verdean, a Central African, a Chadian, a Chilean, a Chinese, a Colombian, a Comoran, a Congolese, a Costa Rican, a Croatian, a Cuban, a Cypriot, a Czech, a Dane, a Djibouti, a Dominican, a Dutchman, an East Timorese, an Ecuadorean, an Egyptian, an Emirian, an Equatorial Guinean, an Eritrean, an Estonian, an Ethiopian, a Fijian, a Filipino, a Finn, a Frenchman, a Gabonese, a Gambian, a Georgian, a German, a Ghanaian, a Greek, a Grenadian, a Guatemalan, a Guinea-Bissauan, a Guinean, a Guyanese, a Haitian, a Herzegovinian, a Honduran, a Hungarian, an I-Kiribati, an Icelander, an Indian, an Indonesian, an Iranian, an Iraqi, an Irishman, an Israeli, an Italian, an Ivorian, a Jamaican, a Japanese, a Jordanian, a Kazakhstani, a Kenyan, a Kittian and Nevisian, a Kuwaiti, a Kyrgyz, a Laotian, a Latvian, a Lebanese, a Liberian, a Libyan, a Liechtensteiner, a Lithuanian, a Luxembourger, a Macedonian, a Malagasy, a Malawian, a Malaysian, a Maldivan, a Malian, a Maltese, a Marshallese, a Mauritanian, a Mauritian, a Mexican, a Micronesian, a Moldovan, a Monacan, a Mongolian, a Moroccan, a Mosotho, a Motswana, a Mozambican, a Namibian, a Nauruan, a Nepalese, a New Zealander, a Nicaraguan, a Nigerian, a Nigerien, a North Korean, a Northern Irishman, a Norwegian, an Omani, a Pakistani, a Palauan, a Palestinian, a Panamanian, a Papua New Guinean, a Paraguayan, a Peruvian, a Pole, a Portuguese, a Qatari, a Romanian, a Russian, a Rwandan, a Saint Lucian, a Salvadoran, a Samoan, a San Marinese, a Sao Tomean, a Saudi, a Scottish, a Senegalese, a Serbian, a Seychellois, a Sierra Leonean, a Singaporean, a Slovakian, a Slovenian, a Solomon Islander, a Somali, a South African, a South Korean, a Spaniard, a Sri Lankan, a Sudanese, a Surinamer, a Swazi, a Swede, a Swiss, a Syrian, a Taiwanese, a Tajik, a Tanzanian, a Togolese, a Tongan, a Trinidadian or Tobagonian, a Tunisian, a Turkish, a Tuvaluan, a Ugandan, a Ukrainian, a Uruguayan, a Uzbekistani, a Venezuelan, a Vietnamese, a Welshman, a Yemenite, a Zambian and a Zimbabwean all go to a nightclub...

The doorman stops them and says “Sorry I can’t let you in without a Thai.”

But seriously, you really gotta lock the comments.",https://www.reddit.com/r/u_GetBottomless/comments/et8u1r/smart_scale_that_automatically_reorders_freshly/ffhvobw/,2020-01-25T12:40:36+00:00,"{""subreddit"": ""u_GetBottomless"", ""score"": 21}"
reddit,ffjkdn4,redditjoey1975,"It's mainly the roti Mama D's uses, it's more Guyanese than Jamaican. You won't be disappointed with Beryl, sometimes she's actually there cooking. She's kind of a celebrity these days lol",https://www.reddit.com/r/Oshawa/comments/eqkj3f/foodie_looking_for_good_food_in_oshawa/ffjkdn4/,2020-01-26T00:57:03+00:00,"{""subreddit"": ""Oshawa"", ""score"": 2}"
reddit,ffkfosz,trash_player011,"I couldn’t agree more. Reminds me of a funny story

An Afghan, an Albanian, and Algerian, an American, an Andorran, an Angolan, an Antiguan, an Argintine, an Armenian, and Austrailian, an Austrian, an Azerbaijani, a Bahamian, a Bahraini, a Bangladeshi, a Barbadian, a Barbudans, a Batswanan, a Belarusian, a Belgian, a Belizean, a Beninese, a Bhutanese, a Bolivian, a Bosnian, a Brazilian, a Brit, a Bruneian, a Bulgarian, a Burkinabe, a Burmese, a Burundian, a Cambodian, a Cameroonian, a Canadian, a Cape Verdean, a Central African, a Chadian, a Chilean, a Chinese, a Colombian, a Comoran, a Congolese, a Costa Rican, a Croatian, a Cuban, a Cypriot, a Czech, a Dane, a Djibouti, a Dominican, a Dutchman, an East Timorese, an Ecuadorean, an Egyptian, an Emirian, an Equatorial Guinean, an Eritrean, an Estonian, an Ethiopian, a Fijian, a Filipino, a Finn, a Frenchman, a Gabonese, a Gambian, a Georgian, a German, a Ghanaian, a Greek, a Grenadian, a Guatemalan, a Guinea-Bissauan, a Guinean, a Guyanese, a Haitian, a Herzegovinian, a Honduran, a Hungarian, an I-Kiribati, an Icelander, an Indian, an Indonesian, an Iranian, an Iraqi, an Irishman, an Israeli, an Italian, an Ivorian, a Jamaican, a Japanese, a Jordanian, a Kazakhstani, a Kenyan, a Kittian and Nevisian, a Kuwaiti, a Kyrgyz, a Laotian, a Latvian, a Lebanese, a Liberian, a Libyan, a Liechtensteiner, a Lithuanian, a Luxembourger, a Macedonian, a Malagasy, a Malawian, a Malaysian, a Maldivan, a Malian, a Maltese, a Marshallese, a Mauritanian, a Mauritian, a Mexican, a Micronesian, a Moldovan, a Monacan, a Mongolian, a Moroccan, a Mosotho, a Motswana, a Mozambican, a Namibian, a Nauruan, a Nepalese, a New Zealander, a Nicaraguan, a Nigerian, a Nigerien, a North Korean, a Northern Irishman, a Norwegian, an Omani, a Pakistani, a Palauan, a Palestinian, a Panamanian, a Papua New Guinean, a Paraguayan, a Peruvian, a Pole, a Portuguese, a Qatari, a Romanian, a Russian, a Rwandan, a Saint Lucian, a Salvadoran, a Samoan, a San Marinese, a Sao Tomean, a Saudi, a Scottish, a Senegalese, a Serbian, a Seychellois, a Sierra Leonean, a Singaporean, a Slovakian, a Slovenian, a Solomon Islander, a Somali, a South African, a South Korean, a Spaniard, a Sri Lankan, a Sudanese, a Surinamer, a Swazi, a Swede, a Swiss, a Syrian, a Taiwanese, a Tajik, a Tanzanian, a Togolese, a Tongan, a Trinidadian or Tobagonian, a Tunisian, a Turkish, a Tuvaluan, a Ugandan, a Ukrainian, a Uruguayan, a Uzbekistani, a Venezuelan, a Vietnamese, a Welshman, a Yemenite, a Zambian and a Zimbabwean all go to a nightclub...

The doorman stops them and says “Sorry I can’t let you in without a Thai.”",https://www.reddit.com/r/u_Arknights01/comments/epj4dn/be_the_tactician_of_rhodes_island_fight_for_the/ffkfosz/,2020-01-26T07:00:03+00:00,"{""subreddit"": ""u_Arknights01"", ""score"": 204}"
hackernews,22152443,zamadatix,I think the choice of New York&#x2F;California really muddies up this comparison. Maybe a Guyanese company named Rocky Mountain getting &quot;.rockymountain&quot; would be more apt. Otherwise you start to bring in comparison to geographic boundaries over many countries vs political boundaries which have historically been reserved in DNS as well as protection of existing domains when registering a new one which (I don&#x27;t believe) is the case here as well as government vs other domains and possibly more &quot;as well&quot;s I&#x27;m not thinking of.,https://news.ycombinator.com/item?id=22152443,2020-01-26T15:22:13+00:00,"{""story_title"": ""South American nations open fire on ICANN for 'illegal' sale of .amazon"", ""story_url"": ""https://www.theregister.co.uk/2020/01/21/amazonb_icann_spat/"", ""parent_id"": 22152302}"
reddit,ffmtkl2,DJ_Spam,"**Eddy Grant**  
 [artist pic](https://lastfm.freetls.fastly.net/i/u/252/2a96cbd8b46e442fc41c2b86b821562f.png)  

&gt; Eddy Grant (b. 1948) is a Guyanese musician.

&gt; Born Edmond Montague Grant on the 5th March 1948 in Plaisance, Guyana, he emigrated with parents to London, England when he was still young.  As a teenager he formed the multi-racial group The Equals. He sported dyed blonde hair, and had his first million-selling number-one hit in 1968, when he was the lead guitarist and main songwriter with his song ""Baby Come Back"". Grant openly used his songwriting for political purposes, as in "" Police on My Back"", and later  ""Gimme Hope Jo'anna"" about the then-current apartheid regime of South Africa.

&gt; By the early 1980s Grant released Killer on the Rampage, using MTV exposure to have big hits in the U.S., the U.K., and Australia with the '80s techno reggae of  ""Electric Avenue"", and following that up with the title song for the successful 1984 film Romancing the Stone.   The album Walking on Sunshine produced the popular tracks ""I Don't Wanna Dance"" and ""Gimme Hope Jo'anna"".

&gt; Grant owns and operates a leading recording studio called Blue Wave in Barbados, near St Lawrence Gap, and it has hosted some of the world's top recording artists and producers over the years. He has produced music for the likes of Sting, Mick Jagger, and Elvis Costello.

&gt;  Read more on Last.fm.

 [last.fm](https://www.last.fm/music/Eddy+Grant): 317,480 listeners, 1,778,073 plays  
 tags: *reggae, 80s, pop, reggae-pop, dance*  

^^Please ^^downvote ^^if ^^incorrect!  ^^Self-deletes ^^if ^^score ^^is ^^0.",https://www.reddit.com/r/Music/comments/eu9exk/eddy_grant_electric_avenue_reggae_rock/ffmtkl2/,2020-01-26T17:11:52+00:00,"{""subreddit"": ""Music"", ""score"": 19}"
reddit,ffn6ug3,trash_player011,"I couldn’t agree more. Reminds me of a funny story

An Afghan, an Albanian, and Algerian, an American, an Andorran, an Angolan, an Antiguan, an Argintine, an Armenian, and Austrailian, an Austrian, an Azerbaijani, a Bahamian, a Bahraini, a Bangladeshi, a Barbadian, a Barbudans, a Batswanan, a Belarusian, a Belgian, a Belizean, a Beninese, a Bhutanese, a Bolivian, a Bosnian, a Brazilian, a Brit, a Bruneian, a Bulgarian, a Burkinabe, a Burmese, a Burundian, a Cambodian, a Cameroonian, a Canadian, a Cape Verdean, a Central African, a Chadian, a Chilean, a Chinese, a Colombian, a Comoran, a Congolese, a Costa Rican, a Croatian, a Cuban, a Cypriot, a Czech, a Dane, a Djibouti, a Dominican, a Dutchman, an East Timorese, an Ecuadorean, an Egyptian, an Emirian, an Equatorial Guinean, an Eritrean, an Estonian, an Ethiopian, a Fijian, a Filipino, a Finn, a Frenchman, a Gabonese, a Gambian, a Georgian, a German, a Ghanaian, a Greek, a Grenadian, a Guatemalan, a Guinea-Bissauan, a Guinean, a Guyanese, a Haitian, a Herzegovinian, a Honduran, a Hungarian, an I-Kiribati, an Icelander, an Indian, an Indonesian, an Iranian, an Iraqi, an Irishman, an Israeli, an Italian, an Ivorian, a Jamaican, a Japanese, a Jordanian, a Kazakhstani, a Kenyan, a Kittian and Nevisian, a Kuwaiti, a Kyrgyz, a Laotian, a Latvian, a Lebanese, a Liberian, a Libyan, a Liechtensteiner, a Lithuanian, a Luxembourger, a Macedonian, a Malagasy, a Malawian, a Malaysian, a Maldivan, a Malian, a Maltese, a Marshallese, a Mauritanian, a Mauritian, a Mexican, a Micronesian, a Moldovan, a Monacan, a Mongolian, a Moroccan, a Mosotho, a Motswana, a Mozambican, a Namibian, a Nauruan, a Nepalese, a New Zealander, a Nicaraguan, a Nigerian, a Nigerien, a North Korean, a Northern Irishman, a Norwegian, an Omani, a Pakistani, a Palauan, a Palestinian, a Panamanian, a Papua New Guinean, a Paraguayan, a Peruvian, a Pole, a Portuguese, a Qatari, a Romanian, a Russian, a Rwandan, a Saint Lucian, a Salvadoran, a Samoan, a San Marinese, a Sao Tomean, a Saudi, a Scottish, a Senegalese, a Serbian, a Seychellois, a Sierra Leonean, a Singaporean, a Slovakian, a Slovenian, a Solomon Islander, a Somali, a South African, a South Korean, a Spaniard, a Sri Lankan, a Sudanese, a Surinamer, a Swazi, a Swede, a Swiss, a Syrian, a Taiwanese, a Tajik, a Tanzanian, a Togolese, a Tongan, a Trinidadian or Tobagonian, a Tunisian, a Turkish, a Tuvaluan, a Ugandan, a Ukrainian, a Uruguayan, a Uzbekistani, a Venezuelan, a Vietnamese, a Welshman, a Yemenite, a Zambian and a Zimbabwean all go to a nightclub...

The doorman stops them and says “Sorry I can’t let you in without a Thai.”",https://www.reddit.com/r/u_PopProducts/comments/el9u8y/our_magnet_fishing_kit_with_case_includes_a/ffn6ug3/,2020-01-26T18:16:13+00:00,"{""subreddit"": ""u_PopProducts"", ""score"": 2}"
reddit,ffn7744,trash_player011,"I couldn’t agree more. Reminds me of a funny story

An Afghan, an Albanian, and Algerian, an American, an Andorran, an Angolan, an Antiguan, an Argintine, an Armenian, and Austrailian, an Austrian, an Azerbaijani, a Bahamian, a Bahraini, a Bangladeshi, a Barbadian, a Barbudans, a Batswanan, a Belarusian, a Belgian, a Belizean, a Beninese, a Bhutanese, a Bolivian, a Bosnian, a Brazilian, a Brit, a Bruneian, a Bulgarian, a Burkinabe, a Burmese, a Burundian, a Cambodian, a Cameroonian, a Canadian, a Cape Verdean, a Central African, a Chadian, a Chilean, a Chinese, a Colombian, a Comoran, a Congolese, a Costa Rican, a Croatian, a Cuban, a Cypriot, a Czech, a Dane, a Djibouti, a Dominican, a Dutchman, an East Timorese, an Ecuadorean, an Egyptian, an Emirian, an Equatorial Guinean, an Eritrean, an Estonian, an Ethiopian, a Fijian, a Filipino, a Finn, a Frenchman, a Gabonese, a Gambian, a Georgian, a German, a Ghanaian, a Greek, a Grenadian, a Guatemalan, a Guinea-Bissauan, a Guinean, a Guyanese, a Haitian, a Herzegovinian, a Honduran, a Hungarian, an I-Kiribati, an Icelander, an Indian, an Indonesian, an Iranian, an Iraqi, an Irishman, an Israeli, an Italian, an Ivorian, a Jamaican, a Japanese, a Jordanian, a Kazakhstani, a Kenyan, a Kittian and Nevisian, a Kuwaiti, a Kyrgyz, a Laotian, a Latvian, a Lebanese, a Liberian, a Libyan, a Liechtensteiner, a Lithuanian, a Luxembourger, a Macedonian, a Malagasy, a Malawian, a Malaysian, a Maldivan, a Malian, a Maltese, a Marshallese, a Mauritanian, a Mauritian, a Mexican, a Micronesian, a Moldovan, a Monacan, a Mongolian, a Moroccan, a Mosotho, a Motswana, a Mozambican, a Namibian, a Nauruan, a Nepalese, a New Zealander, a Nicaraguan, a Nigerian, a Nigerien, a North Korean, a Northern Irishman, a Norwegian, an Omani, a Pakistani, a Palauan, a Palestinian, a Panamanian, a Papua New Guinean, a Paraguayan, a Peruvian, a Pole, a Portuguese, a Qatari, a Romanian, a Russian, a Rwandan, a Saint Lucian, a Salvadoran, a Samoan, a San Marinese, a Sao Tomean, a Saudi, a Scottish, a Senegalese, a Serbian, a Seychellois, a Sierra Leonean, a Singaporean, a Slovakian, a Slovenian, a Solomon Islander, a Somali, a South African, a South Korean, a Spaniard, a Sri Lankan, a Sudanese, a Surinamer, a Swazi, a Swede, a Swiss, a Syrian, a Taiwanese, a Tajik, a Tanzanian, a Togolese, a Tongan, a Trinidadian or Tobagonian, a Tunisian, a Turkish, a Tuvaluan, a Ugandan, a Ukrainian, a Uruguayan, a Uzbekistani, a Venezuelan, a Vietnamese, a Welshman, a Yemenite, a Zambian and a Zimbabwean all go to a nightclub...

The doorman stops them and says “Sorry I can’t let you in without a Thai.”",https://www.reddit.com/r/u_Fathom_Events/comments/esf0ak/masaaki_yuasa_is_wellknown_in_the_anime_world_for/ffn7744/,2020-01-26T18:18:20+00:00,"{""subreddit"": ""u_Fathom_Events"", ""score"": 2}"
reddit,ffnzp0g,SolidSnake_Foxhound,"&gt; Then even someone taking a swing and asking me if i am GAY or something

That happened to me when I was a teen. My older brother said he could  hook me up with a Trinidadian girl (we're Guyanese). I just wanted to focus on school and he called me gay for that lol. In my family, I feel like it's not a male vs. female thing, I think it's more that I followed the more traditional path of Indian expectations. And with that comes more prodding and expectation because I'm so close to fulfilling all those expectations. Not that I'm bragging but a lot of the people of my generation in the family dropped out of college, dated interracial, got involved in drugs, or just pursued a more non-traditional path. Maybe my elders are trying to protect me from that. It's cool that my elders have come to accept them for who they are (at least on the outside), but it sucks that I'm kind of the last hope, bearing their expectations on my shoulder, I hate letting people down, that's how I feel. It's weird how being the ""good kid"" keeps you in a box. Growing up in this family, with martyr personalities in my parents, being a people-pleaser is ingrained in me. That's the mental prison I got to break out of.",https://www.reddit.com/r/ABCDesis/comments/eu4eap/an_honest_question_to_indian_immigrants_overseas/ffnzp0g/,2020-01-26T21:05:12+00:00,"{""subreddit"": ""ABCDesis"", ""score"": 1}"
reddit,ffo15wt,Aizen39,"I couldn’t agree more. Reminds me of a funny story

An Afghan, an Albanian, and Algerian, an American, an Andorran, an Angolan, an Antiguan, an Argintine, an Armenian, and Austrailian, an Austrian, an Azerbaijani, a Bahamian, a Bahraini, a Bangladeshi, a Barbadian, a Barbudans, a Batswanan, a Belarusian, a Belgian, a Belizean, a Beninese, a Bhutanese, a Bolivian, a Bosnian, a Brazilian, a Brit, a Bruneian, a Bulgarian, a Burkinabe, a Burmese, a Burundian, a Cambodian, a Cameroonian, a Canadian, a Cape Verdean, a Central African, a Chadian, a Chilean, a Chinese, a Colombian, a Comoran, a Congolese, a Costa Rican, a Croatian, a Cuban, a Cypriot, a Czech, a Dane, a Djibouti, a Dominican, a Dutchman, an East Timorese, an Ecuadorean, an Egyptian, an Emirian, an Equatorial Guinean, an Eritrean, an Estonian, an Ethiopian, a Fijian, a Filipino, a Finn, a Frenchman, a Gabonese, a Gambian, a Georgian, a German, a Ghanaian, a Greek, a Grenadian, a Guatemalan, a Guinea-Bissauan, a Guinean, a Guyanese, a Haitian, a Herzegovinian, a Honduran, a Hungarian, an I-Kiribati, an Icelander, an Indian, an Indonesian, an Iranian, an Iraqi, an Irishman, an Israeli, an Italian, an Ivorian, a Jamaican, a Japanese, a Jordanian, a Kazakhstani, a Kenyan, a Kittian and Nevisian, a Kuwaiti, a Kyrgyz, a Laotian, a Latvian, a Lebanese, a Liberian, a Libyan, a Liechtensteiner, a Lithuanian, a Luxembourger, a Macedonian, a Malagasy, a Malawian, a Malaysian, a Maldivan, a Malian, a Maltese, a Marshallese, a Mauritanian, a Mauritian, a Mexican, a Micronesian, a Moldovan, a Monacan, a Mongolian, a Moroccan, a Mosotho, a Motswana, a Mozambican, a Namibian, a Nauruan, a Nepalese, a New Zealander, a Nicaraguan, a Nigerian, a Nigerien, a North Korean, a Northern Irishman, a Norwegian, an Omani, a Pakistani, a Palauan, a Palestinian, a Panamanian, a Papua New Guinean, a Paraguayan, a Peruvian, a Pole, a Portuguese, a Qatari, a Romanian, a Russian, a Rwandan, a Saint Lucian, a Salvadoran, a Samoan, a San Marinese, a Sao Tomean, a Saudi, a Scottish, a Senegalese, a Serbian, a Seychellois, a Sierra Leonean, a Singaporean, a Slovakian, a Slovenian, a Solomon Islander, a Somali, a South African, a South Korean, a Spaniard, a Sri Lankan, a Sudanese, a Surinamer, a Swazi, a Swede, a Swiss, a Syrian, a Taiwanese, a Tajik, a Tanzanian, a Togolese, a Tongan, a Trinidadian or Tobagonian, a Tunisian, a Turkish, a Tuvaluan, a Ugandan, a Ukrainian, a Uruguayan, a Uzbekistani, a Venezuelan, a Vietnamese, a Welshman, a Yemenite, a Zambian and a Zimbabwean all go to a nightclub...

The doorman stops them and says “Sorry I can’t let you in without a Thai.”",https://www.reddit.com/r/u_athenascope/comments/et0fi3/no_editor_no_problem_our_ai_athena_now_makes/ffo15wt/,2020-01-26T21:11:07+00:00,"{""subreddit"": ""u_athenascope"", ""score"": 80}"
reddit,ffo3pn7,Aizen39,"I couldn’t agree more. Reminds me of a funny story

An Afghan, an Albanian, and Algerian, an American, an Andorran, an Angolan, an Antiguan, an Argintine, an Armenian, and Austrailian, an Austrian, an Azerbaijani, a Bahamian, a Bahraini, a Bangladeshi, a Barbadian, a Barbudans, a Batswanan, a Belarusian, a Belgian, a Belizean, a Beninese, a Bhutanese, a Bolivian, a Bosnian, a Brazilian, a Brit, a Bruneian, a Bulgarian, a Burkinabe, a Burmese, a Burundian, a Cambodian, a Cameroonian, a Canadian, a Cape Verdean, a Central African, a Chadian, a Chilean, a Chinese, a Colombian, a Comoran, a Congolese, a Costa Rican, a Croatian, a Cuban, a Cypriot, a Czech, a Dane, a Djibouti, a Dominican, a Dutchman, an East Timorese, an Ecuadorean, an Egyptian, an Emirian, an Equatorial Guinean, an Eritrean, an Estonian, an Ethiopian, a Fijian, a Filipino, a Finn, a Frenchman, a Gabonese, a Gambian, a Georgian, a German, a Ghanaian, a Greek, a Grenadian, a Guatemalan, a Guinea-Bissauan, a Guinean, a Guyanese, a Haitian, a Herzegovinian, a Honduran, a Hungarian, an I-Kiribati, an Icelander, an Indian, an Indonesian, an Iranian, an Iraqi, an Irishman, an Israeli, an Italian, an Ivorian, a Jamaican, a Japanese, a Jordanian, a Kazakhstani, a Kenyan, a Kittian and Nevisian, a Kuwaiti, a Kyrgyz, a Laotian, a Latvian, a Lebanese, a Liberian, a Libyan, a Liechtensteiner, a Lithuanian, a Luxembourger, a Macedonian, a Malagasy, a Malawian, a Malaysian, a Maldivan, a Malian, a Maltese, a Marshallese, a Mauritanian, a Mauritian, a Mexican, a Micronesian, a Moldovan, a Monacan, a Mongolian, a Moroccan, a Mosotho, a Motswana, a Mozambican, a Namibian, a Nauruan, a Nepalese, a New Zealander, a Nicaraguan, a Nigerian, a Nigerien, a North Korean, a Northern Irishman, a Norwegian, an Omani, a Pakistani, a Palauan, a Palestinian, a Panamanian, a Papua New Guinean, a Paraguayan, a Peruvian, a Pole, a Portuguese, a Qatari, a Romanian, a Russian, a Rwandan, a Saint Lucian, a Salvadoran, a Samoan, a San Marinese, a Sao Tomean, a Saudi, a Scottish, a Senegalese, a Serbian, a Seychellois, a Sierra Leonean, a Singaporean, a Slovakian, a Slovenian, a Solomon Islander, a Somali, a South African, a South Korean, a Spaniard, a Sri Lankan, a Sudanese, a Surinamer, a Swazi, a Swede, a Swiss, a Syrian, a Taiwanese, a Tajik, a Tanzanian, a Togolese, a Tongan, a Trinidadian or Tobagonian, a Tunisian, a Turkish, a Tuvaluan, a Ugandan, a Ukrainian, a Uruguayan, a Uzbekistani, a Venezuelan, a Vietnamese, a Welshman, a Yemenite, a Zambian and a Zimbabwean all go to a nightclub...

The doorman stops them and says “Sorry I can’t let you in without a Thai.”",https://www.reddit.com/r/u_wagerlabapp/comments/esode8/i_built_an_app_for_betting_on_sports_with_friends/ffo3pn7/,2020-01-26T21:23:07+00:00,"{""subreddit"": ""u_wagerlabapp"", ""score"": 10}"
reddit,ffq8nkl,AlarmingSorbet,"It looks like the Guyanese flag. Which makes sense, us West Indians can’t be idle.",https://www.reddit.com/r/WinStupidPrizes/comments/euf92a/blindfold_racing_is_my_favourite_new_sport/ffq8nkl/,2020-01-27T11:54:26+00:00,"{""subreddit"": ""WinStupidPrizes"", ""score"": 9}"
reddit,ffqcpt3,OrigamiPisces,I hate people like this because they make me feel like everything I ever get done will be because someone felt bad for me because I'm trans and Indo-Guyanese and that anything bad that happens to me is because I'm being targeted. They're just as bad as any other type of bigot and need the same type of wake-up call.,https://www.reddit.com/r/TumblrInAction/comments/eunh21/she_won_because_white_privlege/ffqcpt3/,2020-01-27T13:08:36+00:00,"{""subreddit"": ""TumblrInAction"", ""score"": 176}"
reddit,ffqhfqm,Fats__,Guyanese ppl always got the best ideas,https://www.reddit.com/r/youseeingthisshit/comments/eungdx/technically_they_cant/ffqhfqm/,2020-01-27T14:18:09+00:00,"{""subreddit"": ""youseeingthisshit"", ""score"": 1}"
reddit,ffqklut,Shaun32887,"Goddammit, Guyanese flags.

These are my people.",https://www.reddit.com/r/Whatcouldgowrong/comments/eujgpy/blindfold_racing/ffqklut/,2020-01-27T14:59:05+00:00,"{""subreddit"": ""Whatcouldgowrong"", ""score"": 2}"
reddit,ffqu6zr,Spacct,"Lots of us are and were poor and we somehow managed to not rob or assault anyone. Asian people aren't racist to black people because they're black. I'm Guyanese and grew up alongside black people and know they're just like me.

What Asian people do is view African Americans the exact same way black people from Africa or the Caribbean do, and judge them by the content of their character instead of the colour of their skin. We judge by actions and mindset, yet African Americans conflate that with the judgement they get from white people who hate them just for existing and completely abandon any attempt to do better or achieve anything good. We're all minorities in the same boat, but some (black people included) are trying to get ahead to the security of solid ground under our feet and some have just abandoned all reason and are trying to sink it.",https://www.reddit.com/r/aznidentity/comments/eu3m3w/antiasianness_in_the_black_community_as_told_by_a/ffqu6zr/,2020-01-27T16:48:54+00:00,"{""subreddit"": ""aznidentity"", ""score"": 2}"
reddit,ffqyf5k,alias2020,"How many Pakistanis, Eskimos, Japanese, Guyanese, Disabled, Little People, Red Heads etc. do we need to make this diverse enough. Let's just say its white and black people, what about the rest of the groups?",https://www.reddit.com/r/videos/comments/eunidb/suspended_grammy_ceo_says_the_awards_ceremony_is/ffqyf5k/,2020-01-27T17:34:05+00:00,"{""subreddit"": ""videos"", ""score"": 13}"
reddit,ffswauv,thelonecaner,"I completely understand why you would want to try such old rums, but don't let their age fool you into thinking they are always as good as young rums or even unaged ones (they usually are...but not always).  Agricoles in particular are often under ten years old and are really good. Highly aged rums are often very expensive, sometimes undeservedly so (just ask anyone who has tried the El Dorado 25, for example).  As age rises, prices increase geometrically, but quality only linearly, so just because you're paying four times as much for a rum twice as old, say, doesn't always mean you're getting four times, or even twice, the quality.

But you asked, so here are some rums I've come across (and written about) in the last ten years - all are old enough to vote, drink and have legal coitus. I have ignored soleras for obvious reasons, and rums made a century ago but which weren't aged for that long (e.g. Bally 1929 or Saint James 1885) are similarly left out as I assumed you were asking about how long a rum was aged, not how long it existed.


* Gordon &amp; MacPhail Long Pond 1941 58 YO (reigning champ)
* Appleton 50 YO, and their 30 YO editions from 2010 and 2019, and ""Joy"" 25YO
* Rhum Vieux Domaine de Courcelles Grande Reserve 1972 37 YO
* Ping No. 9 Longpond 1977 Jamaica 36 YO
* El Dorado 50th Anniversary Guyana 33 YO
* La FavoriteCuvée Privilège Martinique 30 YO
* Moon Imports 1974-2004 30 YO Demerara Rum (Sherry Wood)
* Norse Cask Collection Demerara 1975 32 YO
* Panamonte Reserva XXV Panama 25 YO
* El Dorado 25 Guyana YO (1980, 1986 and 1988 releases)
* Ron Santiago de Cuba 25 YO
* Rum Nation ""Demerara"" series - all &gt; 23 Years Old
* Rum Nation Jamaican ""Supreme Lord"" series - all &gt; 23 Years Old
* Rum Nation Small Batch Rare Rums – Jamaica 1986 30 YO
* Samaroli Jamaica 1992 (Hampden) 24 YO
* Samaroli Jamaica 1992 (Hampden) 25 YO
* Velier Courcelles 1972 31 YO
* Velier Port Mourant 1972 35 YO
* Velier Port Mourant 1974 33 YO
* Velier Port Mourant 1975 32 YO
* Velier Skeldon 1973 32 YO
* Velier Skeldon 1978 27 YO
* Velier Uitvlugt UF30E 1985 27 YO
* 1423 SBS Enmore 1988 28YO
* Berry Bros. &amp; Rudd 1975 Reserve Demerara Rum (Port Mourant) (~30 YO)
* Berry Bros. &amp; Rudd 1977 36 Year Old Jamaica Rum “Overproof”
* Berry Bros. &amp; Rudd 1982 33 Year Old Jamaica Rum
* Bristol Spirits Barbados 1986 (Rockley Still) 26 YO
* Bristol Spirits Caroni 1974 34 YO
* Bristol Spirits Port Mourant 1980 30 YO
* Bristol Spirits Jamaica 1974 30 YO
* Cadenhead Guyanese Rum “PDW” 1972 Caribbean Distilleries 29 YO
* Cadenhead Green Label Demerara 1975 33 YO
* Caputo 1973 Full Proof Old Demerara Rum
* Cavalier 1981 Vintage 25 YO and English Harbour 1981 25 YO (both from Antigua)
* Compagnie des Indes Enmore 1988 27 YO
* Compagnie des Indes Jamaica 1983 33 YO
* Damoiseau 1953 31 YO Rhum Vieux
* Duncan Taylor 1985 Enmore 27 YO
* El Dorado Rare Collection R1 – Enmore 1993-2015 22 YO
* Gordon &amp; MacPhail Demerara 1974 25 Year Old Rum (89)

As a closing remark, I would note that most people who have tried a lot of rums agree the sweet spot, that intersection of affordable price and good quality in aged rums, lies between 8-12 years old. There are exceptions, of course, but it's not a bad rule of thumb to keep in mind when considering choices. 

Good luck in your quest....",https://www.reddit.com/r/rum/comments/euu3ll/i_want_to_drink_a_rum_that_is_older_than_me_what/ffswauv/,2020-01-28T07:04:26+00:00,"{""subreddit"": ""rum"", ""score"": 7}"
reddit,ffsx3f1,Cymbelmine,"Really interesting DNA estimates. I never knew how Guyanese ancestry might look like.

Did you get information on your traits, too? Do you need to pay more for that or is it included in AncestryDNA?",https://www.reddit.com/r/AncestryDNA/comments/euytjw/afrocaribbean_guyanese_results/ffsx3f1/,2020-01-28T07:20:48+00:00,"{""subreddit"": ""AncestryDNA"", ""score"": 1}"
reddit,fft37e9,BlakeC16,"When I think of the word Latino, it brings to mind a South or Central American person living in the United States. Thinking about it, it's not really massively thought of a racial identity here in the way that others are. Perhaps because there are considerably fewer people from that part of the world here than from Asia, Africa, the Caribbean or the rest of Europe.

I've worked with Colombians, Brazilians, Chileans, Guyanese and probably others, and think of them no differently to all my other friends and colleagues. Growing up in London, you get used to meeting people from all over the world, it's no big deal.

Culturally, I think the vast majority of famous people we think of from that part of the world are footballers or football managers.",https://www.reddit.com/r/AskUK/comments/euyybz/what_to_british_people_think_about_latinos_are/fft37e9/,2020-01-28T09:44:14+00:00,"{""subreddit"": ""AskUK"", ""score"": 1}"
reddit,fft8x1m,T3MP3ST_,"Translation from the standard galactic alphabet (mc enchantment table language) - 

I couldn’t agree more. Reminds me of a funny story

An Afghan, an Albanian, and Algerian, an American, an Andorran, an Angolan, an Antiguan, an Argintine, an Armenian, and Austrailian, an Austrian, an Azerbaijani, a Bahamian, a Bahraini, a Bangladeshi, a Barbadian, a Barbudans, a Batswanan, a Belarusian, a Belgian, a Belizean, a Beninese, a Bhutanese, a Bolivian, a Bosnian, a Brazilian, a Brit, a Bruneian, a Bulgarian, a Burkinabe, a Burmese, a Burundian, a Cambodian, a Cameroonian, a Canadian, a Cape Verdean, a Central African, a Chadian, a Chilean, a Chinese, a Colombian, a Comoran, a Congolese, a Costa Rican, a Croatian, a Cuban, a Cypriot, a Czech, a Dane, a Djibouti, a Dominican, a Dutchman, an East Timorese, an Ecuadorean, an Egyptian, an Emirian, an Equatorial Guinean, an Eritrean, an Estonian, an Ethiopian, a Fijian, a Filipino, a Finn, a Frenchman, a Gabonese, a Gambian, a Georgian, a German, a Ghanaian, a Greek, a Grenadian, a Guatemalan, a Guinea-Bissauan, a Guinean, a Guyanese, a Haitian, a Herzegovinian, a Honduran, a Hungarian, an I-Kiribati, an Icelander, an Indian, an Indonesian, an Iranian, an Iraqi, an Irishman, an Israeli, an Italian, an Ivorian, a Jamaican, a Japanese, a Jordanian, a Kazakhstani, a Kenyan, a Kittian and Nevisian, a Kuwaiti, a Kyrgyz, a Laotian, a Latvian, a Lebanese, a Liberian, a Libyan, a Liechtensteiner, a Lithuanian, a Luxembourger, a Macedonian, a Malagasy, a Malawian, a Malaysian, a Maldivan, a Malian, a Maltese, a Marshallese, a Mauritanian, a Mauritian, a Mexican, a Micronesian, a Moldovan, a Monacan, a Mongolian, a Moroccan, a Mosotho, a Motswana, a Mozambican, a Namibian, a Nauruan, a Nepalese, a New Zealander, a Nicaraguan, a Nigerian, a Nigerien, a North Korean, a Northern Irishman, a Norwegian, an Omani, a Pakistani, a Palauan, a Palestinian, a Panamanian, a Papua New Guinean, a Paraguayan, a Peruvian, a Pole, a Portuguese, a Qatari, a Romanian, a Russian, a Rwandan, a Saint Lucian, a Salvadoran, a Samoan, a San Marinese, a Sao Tomean, a Saudi, a Scottish, a Senegalese, a Serbian, a Seychellois, a Sierra Leonean, a Singaporean, a Slovakian, a Slovenian, a Solomon Islander, a Somali, a South African, a South Korean, a Spaniard, a Sri Lankan, a Sudanese, a Surinamer, a Swazi, a Swede, a Swiss, a Syrian, a Taiwanese, a Tajik, a Tanzanian, a Togolese, a Tongan, a Trinidadian or Tobagonian, a Tunisian, a Turkish, a Tuvaluan, a Ugandan, a Ukrainian, a Uruguayan, a Uzbekistani, a Venezuelan, a Vietnamese, a Welshman, a Yemenite, a Zambian and a Zimbabwean all go to a nightclub...

The doorman stops them and says “Sorry I can’t let you in without a Thai.”",https://www.reddit.com/r/u_Arknights01/comments/epj4dn/be_the_tactician_of_rhodes_island_fight_for_the/fft8x1m/,2020-01-28T11:58:05+00:00,"{""subreddit"": ""u_Arknights01"", ""score"": 23}"
reddit,ffuykzs,LumiEvo,It was funny until I saw the guyanese flags. Now I'm sad,https://www.reddit.com/r/Whatcouldgowrong/comments/eujgpy/blindfold_racing/ffuykzs/,2020-01-28T22:50:19+00:00,"{""subreddit"": ""Whatcouldgowrong"", ""score"": 1}"
reddit,ffvq1d8,thelonecaner,"DDL = Demerara Distillers Limited.  The only distillery in Guyana.  They have in their possession several stills, including the three wooden ones which make their rums so characteristic.  The stills came from other estates and plantations in Guyana which were closed or consolidated from the 1960s through to the late 1990s. The marques were (and are) the initials of people or places related to the original estates where the stills once were.

* PM = Port Mourant estate, initials used for rums from its double wooden pot still
* VSG = Versailles estate, from which comes the single wooden pot still. 
* EHP = Enmore estate, from which comes the wooden coffey (continuous) still.  The letters stand for Edward Henry Potter, one of the original owners of Plantation Enmore.

The marque-initials you were puzzled about are now commonly used as shorthand to refer to the stills. Tell a rum lover that you have a PM rum and he'll instantly know it's a Guyanese, a double wooden pot still rum, and made at Diamond estate, where all stills are now located.

Note: There are many more marques from Guyana based around estates and stills: ICBU (Uitvlugt), AN (Albion) and SWR (Skeldon) are three well known examples.  The ultimate geek's guide to the Guyanese Rumiverse remains [Marco Freyr's seminal work](https://barrel-aged-mind.blogspot.com/p/blog-page_5.html) which I highly recommend you read if you're curious about the matter.",https://www.reddit.com/r/rum/comments/ev340p/a_brief_recap_of_the_el_dorado_rare_collection/ffvq1d8/,2020-01-29T03:55:05+00:00,"{""subreddit"": ""rum"", ""score"": 3}"
reddit,ffwxc7g,mr_malhotra,"If we're talking pepper, we've got to bring the Guyanese and Trinis into the mix. Hot pepper sauce and chutney/achar are in our blood.",https://www.reddit.com/r/ABCDesis/comments/evk1ys/which_desi_group_tends_to_eat_the_spiciest_food/ffwxc7g/,2020-01-29T15:52:19+00:00,"{""subreddit"": ""ABCDesis"", ""score"": 6}"
reddit,ffwy1rp,pch14,"South Richmond Hill, South Ozone Park, Ozone Park all in Queens NY. Huge Guyanese population.",https://www.reddit.com/r/Guyana/comments/evnsyz/guyanese_enclave_in_ny_md_nj/ffwy1rp/,2020-01-29T15:59:42+00:00,"{""subreddit"": ""Guyana"", ""score"": 15}"
reddit,ffxvr02,AyoMarco,"Viriginia i dont think there will be any type of even small guyanese community. 

Mostly FL, Toronto, NYC, Schenectady. Any other state/city, there wont be any concentration of west indians. East indians definetley have many communities all across the US",https://www.reddit.com/r/Guyana/comments/evrae0/guyanese_communities_in_vafldc/ffxvr02/,2020-01-29T21:29:32+00:00,"{""subreddit"": ""Guyana"", ""score"": 1}"
reddit,ffxvw72,Junevanillalover_278,Are Guyanese or married to one?,https://www.reddit.com/r/Guyana/comments/evrae0/guyanese_communities_in_vafldc/ffxvw72/,2020-01-29T21:30:53+00:00,"{""subreddit"": ""Guyana"", ""score"": 2}"
reddit,ffxw19u,AyoMarco,"Guyanese yes, married no. I live in Queens (of course). I been to many states, and observed the people in the neighborhoods",https://www.reddit.com/r/Guyana/comments/evrae0/guyanese_communities_in_vafldc/ffxw19u/,2020-01-29T21:32:11+00:00,"{""subreddit"": ""Guyana"", ""score"": 2}"
reddit,ffy4ks8,AyoMarco,"In Guyana they also play soccer, some places have basketball hoop so they can also play that. I know they follow American sports like basketball. 

In America, guyanese people watch everything, baseball, football, soccer, basketball, olympics",https://www.reddit.com/r/Guyana/comments/evupeg/guyana_sports/ffy4ks8/,2020-01-29T22:53:49+00:00,"{""subreddit"": ""Guyana"", ""score"": 1}"
reddit,ffy5q9g,KevinMKZ,"My parents are Guyanese and this is the biggest story in Guyana.

Hope it leads to major economic development for Guyana",https://www.reddit.com/r/oil/comments/evayti/massive_guyana_oil_find_continues_to_grow_with/ffy5q9g/,2020-01-29T23:04:23+00:00,"{""subreddit"": ""oil"", ""score"": 1}"
reddit,ffyrtdu,dil_mangoes,"Everyone has their own preferences I know some guyanese that wont date guyanese, and some guyanese that only date guyanese. I have dated a few Indian guys before. I think based on my personal experience indian/bengali/Pakistani men are very aggressive (a trait that I am not fond of) while some or most guyanese men can be rude, manipulative and controlling. Either way, to answer your question yes we do date indians (non-carribean/non-west indian). Have you ever been to NYC? A lot of guyanese people date Indians. Maybe you cant tell in passing because we look alike.",https://www.reddit.com/r/Guyana/comments/evxsy5/do_you_guys_and_gals_date_indians_aka_nonguyanese/ffyrtdu/,2020-01-30T03:06:12+00:00,"{""subreddit"": ""Guyana"", ""score"": 9}"
reddit,ffywwd8,tonightwatchman,"Dated Indians and Indo Guyanese and other nationalities as well - Russian, Ethiopian, Portugese, Chinese, Canadian, American, Mexican...and for me it's about the person and their outlook.  Lots of Guyanese people like to stay in their culture...you don't have to explain yourself and our food is the best.",https://www.reddit.com/r/Guyana/comments/evxsy5/do_you_guys_and_gals_date_indians_aka_nonguyanese/ffywwd8/,2020-01-30T04:06:33+00:00,"{""subreddit"": ""Guyana"", ""score"": 2}"
reddit,ffzp6fi,dil_mangoes,"Lol. I did not read your username but I wouldn't have got it anyways. Haha. And in the outer boroughs (queens,bronx,brooklyn) there is some guyanese communities especially in queens and the bronx that is mixed with indians/bengalis that are either overlapping or neighboring communities. I live in a bengali/guyanese/Hispanic community.",https://www.reddit.com/r/Guyana/comments/evxsy5/do_you_guys_and_gals_date_indians_aka_nonguyanese/ffzp6fi/,2020-01-30T12:51:41+00:00,"{""subreddit"": ""Guyana"", ""score"": 2}"
reddit,ffzvi1f,vehga,"I have a lot of thoughts on this topic but to answer your question, yes. I'm not ""typical"" guyanese either. I ended up going to high school and college away from pockets of Caribbean folks and some people used to say I was too white. But anyway, at this point in my life I consider myself Indian ethnically and there are a lot more Indians in the world than indo-caribbeans.",https://www.reddit.com/r/Guyana/comments/evxsy5/do_you_guys_and_gals_date_indians_aka_nonguyanese/ffzvi1f/,2020-01-30T14:19:43+00:00,"{""subreddit"": ""Guyana"", ""score"": 1}"
reddit,fg02zjj,Acetronaut,"I know some coolie people are hesitant about Indian people because they think that the Indian people think, that they’re better because they’re more “truly Indian”. 

I think we all know this isn’t true, but I have a few aunties that feel this way. 

The rest of the people in my family though are very open to Indian people. We consider ourselves Guyanese, but we also consider ourselves to be Indian. Several of my cousins are dating Indian people (not Guyanese). 

I’m actually half white, and like you said, I’m dating a Hispanic girl (who’s also half white lol). 

Dating white is more taboo than dating Indian in my family...despite being in America, although it didn’t stop my mom from basically eloping with a white boy when she was younger. 

Also, my coolie family is also pretty racist. Like dating white might be taboo, but dating black is basically against the rules. Although from what I’ve gathered, most coolie people are pretty racist.

Hell, I know coolie people that refuse to date coolie people.",https://www.reddit.com/r/Guyana/comments/evxsy5/do_you_guys_and_gals_date_indians_aka_nonguyanese/fg02zjj/,2020-01-30T15:44:37+00:00,"{""subreddit"": ""Guyana"", ""score"": 2}"
reddit,fg05ueg,OGITW,"I don't hate Rory at all, but I do agree that he presents most of these issues. That's why the content is so compelling but we have to understand that it makes the podcast a teachable moment (every single episode). Rory is a clueless male who came up in an environment he doesn't really understand. He's like the quintessential millennial who just happens to benefit from being a friend in Joe's circle.

His comment about Prince Harry and Meghan really proved to me how sheltered his life is, and for someone with a Guyanese girlfriend you'd think that she'd pull him on the side after each episode and get him to walk back some of his ignorance. Guess she doesn't listen to the pod often.

But without Rory, we wouldn't have moments like ""Badman nah wash gal unda-wear"" so he's a necessary evil and a hella entertaining one at that (spare some extreme moments of awkwardness like ""you're gonna shut the fuck up and listen"").",https://www.reddit.com/r/theJoeBuddenPodcast/comments/ew65a4/look_i_love_the_pod_but/fg05ueg/,2020-01-30T16:14:35+00:00,"{""subreddit"": ""theJoeBuddenPodcast"", ""score"": 12}"
reddit,fg0gpv9,dil_mangoes,"Lmao not really. It is a small chance. I don't know much people, unless say we are related then I would know them. I dont know many guyanese people outside of my family. (But then again I feel every guyanese person is related one way or another). So maybe haha",https://www.reddit.com/r/Guyana/comments/evxsy5/do_you_guys_and_gals_date_indians_aka_nonguyanese/fg0gpv9/,2020-01-30T18:04:05+00:00,"{""subreddit"": ""Guyana"", ""score"": 1}"
reddit,fg0ulxt,OhSkuntBuddeh,"&gt;guyanese men can be rude, manipulative and controlling

Oof. Ain't that the truth.",https://www.reddit.com/r/Guyana/comments/evxsy5/do_you_guys_and_gals_date_indians_aka_nonguyanese/fg0ulxt/,2020-01-30T20:15:36+00:00,"{""subreddit"": ""Guyana"", ""score"": 4}"
reddit,fg310o5,cheesyitem,"Can confirm, Rupert Murdoch has push notification access to my phone - the other day when I tried to book myself in for a vasectomy my phone called me nasty names. I tweeted my local council to report him because I'm 1/16th Guyanese, but it didnt send because Vodafone stopped paying for 3G access to my local phone tower",https://www.reddit.com/r/badunitedkingdom/comments/ewlji2/a_sincere_apology/fg310o5/,2020-01-31T10:07:43+00:00,"{""subreddit"": ""badunitedkingdom"", ""score"": 10}"
reddit,fg3okay,lounginaddict,"My only Indian friends are Indo-Caribbean(Trinis,Guyanese,Jamaican), completely different culturally save some culinary similarities.",https://www.reddit.com/r/ABCDesis/comments/ewhi0u/am_i_the_only_one_with_very_little_indian_friends/fg3okay/,2020-01-31T15:58:09+00:00,"{""subreddit"": ""ABCDesis"", ""score"": 1}"
reddit,fg49m6c,216216,"I don't think this would ever fly nor do I really see the reason we need to strive to hit X% of Y minority in any suburb. I say this as a minority. 

Are we concerned with the number of white people in East Cleveland?

Is Beachwood too Jewish?


Too many Indians and Guyanese on Tarkett?",https://www.reddit.com/r/Cleveland/comments/ewrucn/black_population_of_chagrin_falls/fg49m6c/,2020-01-31T19:31:18+00:00,"{""subreddit"": ""Cleveland"", ""score"": 9}"
reddit,fg5gowx,JulianKovic,I like how Bohemia devs copied the Guyanese flag for Altis. Makes me happy to be half Guyanese,https://www.reddit.com/r/arma/comments/ewzk90/east_wind_in_a_nutshell/fg5gowx/,2020-02-01T03:16:24+00:00,"{""subreddit"": ""arma"", ""score"": 59}"
reddit,fg5kxn3,JDLovesElliot,"I grew up with a VHS copy of Kuch Kuch Hota Hai. My family is Indo-Guyanese, so we always kept up with Hindi movies and music in the 80s and 90s.",https://www.reddit.com/r/bollywood/comments/ewvm1o/how_were_you_introduced_to_bollywood/fg5kxn3/,2020-02-01T04:12:03+00:00,"{""subreddit"": ""bollywood"", ""score"": 7}"
reddit,fg5q5an,YoungIntrovert69,I’m Jamaican and I’ve always notice that it looked like the Guyanese flag,https://www.reddit.com/r/arma/comments/ewzk90/east_wind_in_a_nutshell/fg5q5an/,2020-02-01T05:28:08+00:00,"{""subreddit"": ""arma"", ""score"": 15}"
reddit,fg6ithn,MasonTaylor22,"PLEASE TELL US you left bad reviews and reported this guy to Airbnb.  

2 Red Flags:

1. Wangfeng in China (Mainlander!!)

2. No previous reviews.

Hard lesson learned OP.  Never accept people who don't have positive reviews on Airbnb.  It sucks.  I'm a landlord and had terrible tenants (Persian, Guyanese... they were filthy and trashed the place).  Obviously not all are like that, but it's a hard lesson learned.",https://www.reddit.com/r/Chinesetourists/comments/ex11gl/my_experience_as_an_airbnb_host_to_a_chinese/fg6ithn/,2020-02-01T14:58:46+00:00,"{""subreddit"": ""Chinesetourists"", ""score"": 19}"
reddit,fg89qua,papajawn_,"I know the struggle! 

I’m from FL and I’m half filipino and half guyanese and can never find guyanese or Caribbean food here like back east. 

I actually never had Ox tail out here but here are a few restaurants you may want to check. 

I would check out Sattdown in Studio City. 

There’s a place called Wi Jammin in LA, they have ok reviews but never had their Ox tail.

There’s a spot called Janga in Culver.

My fiancé is from Cuba and today we went to el criollo in Burbank and they had oxtail on the menu! 

Good luck and update me on how it went!",https://www.reddit.com/r/AskLosAngeles/comments/exhsee/best_jamaican_spots_in_la/fg89qua/,2020-02-02T03:15:41+00:00,"{""subreddit"": ""AskLosAngeles"", ""score"": 2}"
reddit,fg8dc2f,alishadi,"Only to non-west Indians tho. As a Guyanese, we go up to the counter and West Indians will chat for 20 mins forgetting there are other people in line.",https://www.reddit.com/r/BlackPeopleTwitter/comments/exfpq2/disrespect_is_a_must_at_a_jamaican_restaurant/fg8dc2f/,2020-02-02T04:03:02+00:00,"{""subreddit"": ""BlackPeopleTwitter"", ""score"": 64}"
reddit,fg8gt6b,DillyDillyDeLL,"I couldn’t agree more. Reminds me of a funny story

An Afghan, an Albanian, and Algerian, an pAmerican, an Andorran, an Angolan, an Antiguan, an Argintine, an Armenian, and Austrailian, an Austrian, an Azerbaijani, a Bahamian, a Bahraini, a Bangladeshi, a Barbadian, a Barbudans, a Batswanan, a Belarusian, a Belgian, a Belizean, a Beninese, a Bhutanese, a Bolivian, a Bosnian, a Brazilian, a Brit, a Bruneian, a Bulgarian, a Burkinabe, a Burmese, a Burundian, a Cambodian, a Cameroonian, a Canadian, a Cape Verdean, a Central African, a Chadian, a Chilean, a Chinese, a Colombian, a Comoran, a Congolese, a Costa Rican, a Croatian, a Cuban, a Cypriot, a Czech, a Dane, a Djibouti, a Dominican, a Dutchman, an East Timorese, an Ecuadorean, an Egyptian, an Emirian, an Equatorial Guinean, an Eritrean, an Estonian, an Ethiopian, a Fijian, a Filipino, a Finn, a Frenchman, a Gabonese, a Gambian, a Georgian, a German, a Ghanaian, a Greek, a Grenadian, a Guatemalan, a Guinea-Bissauan, a Guinean, a Guyanese, a Haitian, a Herzegovinian, a Honduran, a Hungarian, an I-Kiribati, an Icelander, an Indian, an Indonesian, an Iranian, an Iraqi, an Irishman, an Israeli, an Italian, an Ivorian, a Jamaican, a Japanese, a Jordanian, a Kazakhstani, a Kenyan, a Kittian and Nevisian, a Kuwaiti, a Kyrgyz, a Laotian, a Latvian, a Lebanese, a Liberian, a Libyan, a Liechtensteiner, a Lithuanian, a Luxembourger, a Macedonian, a Malagasy, a Malawian, a Malaysian, a Maldivan, a Malian, a Maltese, a Marshallese, a Mauritanian, a Mauritian, a Mexican, a Micronesian, a Moldovan, a Monacan, a Mongolian, a Moroccan, a Mosotho, a Motswana, a Mozambican, a Namibian, a Nauruan, a Nepalese, a New Zealander, a Nicaraguan, a Nigerian, a Nigerien, a North Korean, a Northern Irishman, a Norwegian, an Omani, a Pakistani, a Palauan, a Palestinian, a Panamanian, a Papua New Guinean, a Paraguayan, a Peruvian, a Pole, a Portuguese, a Qatari, a Romanian, a Russian, a Rwandan, a Saint Lucian, a Salvadoran, a Samoan, a San Marinese, a Sao Tomean, a Saudi, a Scottish, a Senegalese, a Serbian, a Seychellois, a Sierra Leonean, a Singaporean, a Slovakian, a Slovenian, a Solomon Islander, a Somali, a South African, a South Korean, a Spaniard, a Sri Lankan, a Sudanese, a Surinamer, a Swazi, a Swede, a Swiss, a Syrian, a Taiwanese, a Tajik, a Tanzanian, a Togolese, a Tongan, a Trinidadian or Tobagonian, a Tunisian, a Turkish, a Tuvaluan, a Ugandan, a Ukrainian, a Uruguayan, a Uzbekistani, a Venezuelan, a Vietnamese, a Welshman, a Yemenite, a Zambian and a Zimbabwean all go to a nightclub...

The doorman stops them and says “Sorry I can’t let you in without a Thai.”",https://www.reddit.com/r/PlayTemtem/comments/exa9x2/i_dont_know_how_to_send_things_like_this_to_the/fg8gt6b/,2020-02-02T04:50:50+00:00,"{""subreddit"": ""PlayTemtem"", ""score"": 5}"
reddit,fg8jj30,burnblue,"&gt; chicken curry

CURRY CHICKEN!   
What are you Guyanese?",https://www.reddit.com/r/BlackPeopleTwitter/comments/exfpq2/disrespect_is_a_must_at_a_jamaican_restaurant/fg8jj30/,2020-02-02T05:31:16+00:00,"{""subreddit"": ""BlackPeopleTwitter"", ""score"": 8}"
reddit,fg8nfia,priyanka22591,"To be fair, typical roti size does vary from country to country. For example, Trinidadians make their rotis wayyy bigger than Guyanese and I guess that would be considered Large vs Small to someone who isn’t familiar with the culture.",https://www.reddit.com/r/BlackPeopleTwitter/comments/exfpq2/disrespect_is_a_must_at_a_jamaican_restaurant/fg8nfia/,2020-02-02T06:37:02+00:00,"{""subreddit"": ""BlackPeopleTwitter"", ""score"": 6}"
reddit,fg9vtuq,1of1000,"When I was around 15 or so, I was in a mall bathroom rolling up some weed in the stall. It was winter time so I couldn't just find a place outside to roll. I was gonna make a little joint then smoke outside while I wait for the bus. A man who worked there came in the bathroom knocked on the stall door and with the voice of a Guyanese man probably in his 50's, said ""we're about to close, you're gonna need to hurry up and finish in there"" I replied ""alright, almost done"" so I figured he'd just leave and come back in a few minutes but he just waited outside the stall. started making small talk. He's like ""You sound Jamaican!"" I said ""oh okay"" (although my background is Jamaican, I never been there. I'm actually born and raised in Canada) but he continues, ""I hear Jamaicans have big dicks"" and up until then I was a little sketched out because of the fact that I was rolling up weed and at 15 that's a big deal but when I heard that I was in shock. I didn't say anything. I just twisted the end up that joint and thew it in my bag. flushed the toilet and exited to stall to see this little brown man with a grey stubble beard smiling at me. I try to ignore him and go strait to the sink. He asks, ""you have a big dick?"" I said ""I don't know, you should ask the ladies"" I barely got my hands wet but I figured it's time to go. I grab the door handle but it's locked so now I'm panicking, fiddling with the lock and I hear him coming toward me from behind saying ""you have to turn it hard"" I finally unlocked it as I feel his hand touching my hair so I turned around and punched him in the nose as hard as I could. he fell back and I ran out of there. I was so rattled I walked homeward for like an hour and didn't even smoke.",https://www.reddit.com/r/AskReddit/comments/exgy9m/what_is_the_weirdest_thing_youve_heard_or_had/fg9vtuq/,2020-02-02T11:43:05+00:00,"{""subreddit"": ""AskReddit"", ""score"": 1}"
reddit,fgbel76,LOL_OILERS,"Scotch Reviews #48 &amp; #49 - Ardbeg Grooves and Ardbeg Drum committee releases

So I’m about to reach 50 scotch whiskies reviewed. #50 is a big one that I’ve been saving for the occasion. In the meantime, here’s 2 Ardbeg committee releases that I’ve been sitting on for a while. 

Grooves seems to be nearly universally well liked, called a return to form and other such things in many reviews. Drum on the other hand seems to be universally viewed as a let-down. In my non-scientific estimate, the average number of points on the 100 point scale separating these two Ardbegs is not much more than 3 or 4. I could go through the archive and run the numbers, but it’s Super Bowl Sunday, I have many burgers to prepare, a driveway and walks to shovel and simply don’t have the time or desire to check my work. 

The reason I point this out though is to show how thin the line is between something well received or something that gets panned. Not criticizing any individual reviewers by any means - I just think it’s interesting the way our minds work. I’m guilty of this when I grade students’ papers sometimes - the line between a B+ and an A- on a paper can be razor thin, whereas the line between a B+ and a B- is often much more pronounced in terms of quality. That it shows up as small a 4.1% difference in terms of actual grades - 72.4 being the highest end of the B- range and 76.5 being the lowest end of the B+ at my institution - makes it all the more striking. 

So where do I rank these two committee bottles? Let’s find out, starting with Grooves. 

Grooves CR. 

NCF, NCA, NAS though when I asked at the distillery, I was told that Grooves was in the 10 year range. 

Vatted malt of fresh and refill bourbon matured malt (so, the standard issue Ardbeg approach) finished in heavily charred (grooved) red wine barrels. 51.6% abv. 

Sampled from my brother’s open bottle in October. Rested for 25 minutes. 

Nose: Peat, ash, vanilla custard, raspberry jam, brine. 

Mouthfeel: thick, viscous, creamy

Taste: Soot, peat smoke, cherry, lime. Shifts towards grilled scallops and something kind of nutty. 

Finish: soft tannins, black tea, granola with fresh berries, smoke. 

Yup. This is nice. I like this a lot. It’s not Dark Cove or Ardbog good, but it kicks the crap out of Kelpie and a few of the other committee releases I’ve tried. Very happy I was able to get a bottle of my own when it was released. 

87

Drum CR. 

NCF, NCA, NAS (confirmed to be younger than 10 years but no clue how much). Vatted malt of ex-bourbon casks finished in ex-Guyanese rum casks. 52% Abv

Sampled several times from my own bottle. 

Nose: peat, vanilla, banana custard, lemon curd, overripe pineapple, rum esters, pine resin. 

Mouthfeel: oily but thin

Taste: smoke, charred pork and grilled pineapple, oak, bitter vanilla, embers, salt. 

Finish: tannic, earth, youthful oaky pepper, vanilla, caramelized Demerara sugar. 

It’s weird. The nose to taste is completely unbalanced. It’s still pretty good though, but, like, try it at a bar, grab a bottle for $100 and see what happens good, not spend £95 (~$170CAD) for a bottle good. 

82

Thanks for reading!",https://www.reddit.com/r/Scotch/comments/exqyks/scotch_reviews_48_49_ardbeg_grooves_and_ardbeg/fgbel76/,2020-02-02T16:34:56+00:00,"{""subreddit"": ""Scotch"", ""score"": 19}"
reddit,fgdac8x,willis_mboum-elle,Yeah i understand indian guyanese is a little bit isolated or not,https://www.reddit.com/r/23andme/comments/exscgf/results_from_having_2_guyaneseborn_parents/fgdac8x/,2020-02-02T21:53:55+00:00,"{""subreddit"": ""23andme"", ""score"": 2}"
reddit,fgf9f8g,lankan007,"&gt;Everyone so far has reported a combination of North and South, whether they’re from Punjab or Tamil Nadu.

No North Indian without any recent ancestor from the south will have 24% South Indian. In your case it's definitely recent mixing given Guyanese history.",https://www.reddit.com/r/23andme/comments/exscgf/results_from_having_2_guyaneseborn_parents/fgf9f8g/,2020-02-03T11:58:22+00:00,"{""subreddit"": ""23andme"", ""score"": 1}"
reddit,fgfbueq,unbroly,"Northeast India is actually  the location of the major port that Indian laborers were brought from. Estimates are about 90% were brought from Calcultta in North India (very close to Bangladesh), and the remaining 10% from Chennai in South India. Most of us Indo-Guyanese should have a hefty chuck of Bengali/NE DNA as a result.",https://www.reddit.com/r/Guyana/comments/exsla1/dna_results_with_both_parents_being_guyaneseborn/fgfbueq/,2020-02-03T12:42:45+00:00,"{""subreddit"": ""Guyana"", ""score"": 2}"
reddit,fgffhr2,tariq_kap,"I get one of three responses:

1. The Ghana response

2. me: im Guyanese 
Them: no way, youre indian
Me: no, im Guyanese of indian decent
Them: so youre indian?
Me: kinda **goes into whole history lesson**

3. (The most rare) 
Me: Im Guyanese
Them: what?
Me: my parents are from Guyana, its in South America
Them: bro, that country is NOT REAL.",https://www.reddit.com/r/Guyana/comments/exydaa/fellow_guyanese_how_have_people_reacted_when_you/fgffhr2/,2020-02-03T13:40:19+00:00,"{""subreddit"": ""Guyana"", ""score"": 5}"
reddit,fgfl82o,palalaiqua,We are gonna free our Guyanese brothers from the imperialist hand of France.,https://www.reddit.com/r/asklatinamerica/comments/ey4zjf/if_you_could_annex_one_neighbor_country_to_yours/fgfl82o/,2020-02-03T14:55:32+00:00,"{""subreddit"": ""asklatinamerica"", ""score"": 12}"
reddit,fgfyszf,unbroly,"The issue with the surnames is that the British fucked everyone's names over and created a lot of anglicized version. Guyanese naming customs also used to be that you received the first name of your father as your last name. And your dad's last name was your grandpa's first name. This means every generation had a different surname and made it virtually impossible to trace. I know my great-great-great grandma was born in Calcutta and left at 3 months old, but no one has specifics.",https://www.reddit.com/r/india/comments/ey9gaq/any_indian_redditors_here_with_family_that_left/fgfyszf/,2020-02-03T17:22:39+00:00,"{""subreddit"": ""india"", ""score"": 11}"
reddit,fggnlm3,rolan56789,Cool. I'm Guyanese living in America for the past  20 years. You're just as wrong as the Europeans who think like that. Literally just telling you how it is based on my time here.,https://www.reddit.com/r/Boxing/comments/ey6trb/davison_explains_what_wilder_exploited_in_fury_in/fggnlm3/,2020-02-03T21:33:15+00:00,"{""subreddit"": ""Boxing"", ""score"": 3}"
reddit,fghkncy,MOTzTuber,"I checked the records and it appears a lot of the folks who migrated were Christians and their names were not changed by the British. I do see a lot of Gentoo, Muslim, Malabar, Myset, Unknown people as well in the list.

It appears that it was not just Guyanese custom but also your ancestor's custom as well :)",https://www.reddit.com/r/india/comments/ey9gaq/any_indian_redditors_here_with_family_that_left/fghkncy/,2020-02-04T03:29:31+00:00,"{""subreddit"": ""india"", ""score"": 2}"
reddit,fgiilwo,lechuguilla,"So what if i said miami is absurdly cuban, or south texas is absurdly tejana, or new york is absurdly guyanese-puerto-rican jewish. Different people live in different places, there is nothing inherently evil in that.",https://www.reddit.com/r/politics/comments/eym0ro/sanders_releases_internal_numbers_showing_him/fgiilwo/,2020-02-04T13:25:49+00:00,"{""subreddit"": ""politics"", ""score"": 0}"
reddit,fgio9sh,lost_snake,"&gt; IDK about the British stuff.

I can tell.

&gt;Anybody from Africa is by definition an African.

Ian Smith, a famous African from Shurugwi!


&gt;Well it is just a some of the American states really? 

Nope, continents aren't polities, because continents are geographical facts, not political unions.

&gt;It's funny now Hawai is considered American, and in the original word, it would be the same as calling French Guyana European.

In fact Hawaii is not considered ethnically American, but Polynesian (and furthermore, Hawaiian- they'll tell you), precisely for the same reason French Guyanese are not Franks.",https://www.reddit.com/r/europe/comments/eyaksx/finlands_prime_minister_said_nordic_countries_do/fgio9sh/,2020-02-04T14:38:09+00:00,"{""subreddit"": ""europe"", ""score"": 1}"
reddit,fgiolbr,Orange-of-Cthulhu,"&gt; Ian Smith, a famous African from Shurugwi!

To me he is African. He is from Africa, an African is ""someone from Africa"", hence he is African. (IDK if he was born there?).

&gt;Nope, continents aren't polities, because continents are geographical facts, not political unions.

Yes obviously. America was indisputedly originalle a name for a continent name. The political entity USA didn't exist when the word ""America"" was invented. 

&gt;In fact Hawaii is not considered ethnically American, but Polynesian, precisely for the same reason French Guyanese are not Franks.

I guess most people call Hawai for American and Hawaians for Americans? Because the meaning of the term has changed to mean ""An area that is part of the USA, no matter on which continent, and a person that is a citizen of USA; regardless of other etnic affiliation of the person.""",https://www.reddit.com/r/europe/comments/eyaksx/finlands_prime_minister_said_nordic_countries_do/fgiolbr/,2020-02-04T14:41:55+00:00,"{""subreddit"": ""europe"", ""score"": 1}"
reddit,fgk2w76,pete1397,Some people be thinking im dominican so they be surprised and some people (depending on the area) be thinking all guyanese are black so they be on some real surprised shit when i tell im guyanese,https://www.reddit.com/r/Guyana/comments/exydaa/fellow_guyanese_how_have_people_reacted_when_you/fgk2w76/,2020-02-04T22:45:58+00:00,"{""subreddit"": ""Guyana"", ""score"": 5}"
reddit,fgk2ymi,omniron,"It’s one of these links I think:

https://www.theroot.com/how-do-i-research-my-guyanese-heritage-1790878087",https://www.reddit.com/r/Guyana/comments/eyq7av/does_anyone_know_an_online_source_to_research/fgk2ymi/,2020-02-04T22:46:37+00:00,"{""subreddit"": ""Guyana"", ""score"": 3}"
reddit,fgl5u2u,Perfect600,When i come across a guyanese person with thick broken english i start speaking like that too. Like half perfect english half broken My mom and grandparents all talk like that so when someone else talks like that you then tend to revert and mimic them. Otherwise i speak perfect english.,https://www.reddit.com/r/nba/comments/eyt17a/og_anunoby_to_ibaka_i_put_on_you_on_how_to_dressi/fgl5u2u/,2020-02-05T06:10:18+00:00,"{""subreddit"": ""nba"", ""score"": 1}"
reddit,fglj8gk,autotldr,"This is the best tl;dr I could make, [original](https://www.commondreams.org/news/2020/02/04/global-witness-accuses-exxon-exploitative-contract-robs-people-guyana-55-billion) reduced by 83%. (I'm a bot)
*****
&gt; International human rights and anti-corruption group Global Witness is calling on the Guyanese government to renegotiate a oil license deal with fossil fuel giant Exxon after the group&amp;#039;s analysis showed that Guyana stands to lose $55 billion while the oil giant takes control of one of the largest oil reserves found in years.

&gt; Global Witness found that the rushed deal left Guyana with a lower profit share from Exxon&amp;#039;s Stabroek oil license than countries generally get from such negotiations.

&gt; Under the deal, Guyana could lose up to $1.3 billion per year-money which could be used for schools, hospitals, infrastructure, and to repair crumbling sea walls in a country where &amp;quot;90% of the population [is] at risk from rising sea level,&amp;quot; Global Witness said in its report, entitled &amp;quot;Signed Away.&amp;quot;.


*****
[**Extended Summary**](http://np.reddit.com/r/autotldr/comments/ez7xwe/global_witness_accuses_exxon_of_exploitative/) | [FAQ](http://np.reddit.com/r/autotldr/comments/31b9fm/faq_autotldr_bot/ ""Version 2.02, ~465373 tl;drs so far."") | [Feedback](http://np.reddit.com/message/compose?to=%23autotldr ""PM's and comments are monitored, constructive feedback is welcome."") | *Top* *keywords*: **Guyana**^#1 **Exxon**^#2 **oil**^#3 **Global**^#4 **Witness**^#5",https://www.reddit.com/r/worldnews/comments/ez7jlx/global_witness_accuses_exxon_of_exploitative/fglj8gk/,2020-02-05T11:02:11+00:00,"{""subreddit"": ""worldnews"", ""score"": 10}"
reddit,fgm22lh,seius,"&gt; If you are arguing against systemic and institutional discrimination in America and trying to say that ""hard work"" can overcome

Talk to the Irish, Italians, Germans, Hispanics, African migrants, and Guyanese, for some reasons these people all worked hard and created a base for their children to become successful lawyers, educators, etc, and moved up the social hierarchy  without crying about fake oppression. 

&gt;I think you'd be better off keeping your mouth shut.

No. Go back to your safe space.",https://www.reddit.com/r/Ask_Politics/comments/ez85mi/trying_to_prevent_marriage_issues/fgm22lh/,2020-02-05T15:26:38+00:00,"{""subreddit"": ""Ask_Politics"", ""score"": 0}"
reddit,fgm2sw7,dabsouls,"Irish and Italians - funny, they're white. Easy to assimilate when your skin color matches the majority. ""Hispanics, African migrants, and Guyanese, for some reasons these people all worked hard"" - these are exceptions to the rule; the majority of people that fall under these classes are not successful lawyers, doctors, etc. because they deal with institutionalized racism on a daily basis. Telling me to go back to my safe space? Why don't you get out of your fantasy world and step into the real one with me where everything isn't fair and just and ""working hard"" to overcome isn't always a realistic option. Because for some, hard work isn't enough, and privilege is very much real.

Like I said, keep your mouth shut, because all that's coming out is s\*\*t.",https://www.reddit.com/r/Ask_Politics/comments/ez85mi/trying_to_prevent_marriage_issues/fgm2sw7/,2020-02-05T15:34:20+00:00,"{""subreddit"": ""Ask_Politics"", ""score"": 2}"
reddit,fgneblu,bobbobdusky,"&gt; Date of article 05-2019, looks like its a bust for Guyana and its citizens and an extra special boom for Exxon.

It's not a bust.

Some activist organizations are talking nonsense, the Guyanese people will become one of the richest people on the planet out of this deal.",https://www.reddit.com/r/worldnews/comments/ez7jlx/global_witness_accuses_exxon_of_exploitative/fgneblu/,2020-02-05T22:50:49+00:00,"{""subreddit"": ""worldnews"", ""score"": 0}"
reddit,fgnksct,Salk78,"\*The people representing the Guyanese people will become \[s\]ome of  the richest people on the planet  


FTFY - the people will see very little out of this.  The politicians and business men will be very wealthy.  They will see a sharp increase in GDP and everything will be ""great"" with their economy.",https://www.reddit.com/r/worldnews/comments/ez7jlx/global_witness_accuses_exxon_of_exploitative/fgnksct/,2020-02-05T23:55:52+00:00,"{""subreddit"": ""worldnews"", ""score"": 1}"
reddit,fgnyph5,GennyGeo,"An Escalade pulled up next to me in Harlem, and the driver tried to sell me a gold ring for like $20. Nah. So I told my Guyanese coworker about this event and he immediately replied “DONT TAKE THE RING, IT IS VOODOO MIND HYPNOSIS, YOU WILL WALK TO THE BANK AND DRAIN YOUR WHOLE ACCOUNT FOR THEM IF YOU WEAR THE RING”

So I guess moral of the story don’t talk to strangers or else you’ll get roofied",https://www.reddit.com/r/nyc/comments/ezfmyo/south_ferry_scammers/fgnyph5/,2020-02-06T02:23:50+00:00,"{""subreddit"": ""nyc"", ""score"": 27}"
reddit,fgoe12d,pete1397,Wow u look straight up black! U guyanese or trini by any chance?,https://www.reddit.com/r/23andme/comments/ezmsay/really_interesting_can_you_see_it/fgoe12d/,2020-02-06T05:27:53+00:00,"{""subreddit"": ""23andme"", ""score"": 18}"
reddit,fgotp60,MC_Dark,"&gt;One place to start: Guyana is a multi-ethnic country. Is its sky-high suicide rate focused in one ethnic group? The first answer I found was [this article](https://www.stabroeknews.com/2017/01/03/features/in-the-diaspora/suicide-race-guyana-not-live-single-issue-lives/) by a social justice warrior telling us it constitutes racial “essentialism” to even ask the question. But in the process of telling us exactly what kind of claims we should avoid, she mentions someone bringing up that “80% of the reported suicides are carried out by Indo-Guyanese”. I feel like one of those classicists who has reconstructed a lost heresy through hostile quotations in Irenaeus.

This paragraph left a bad taste in my mouth, the linked article seems reasonable (or at least level-headed) and Scott's scorning it like a rabid twitter chain (to start, the suicide rate isn't a ""hostile quotation"" and is acknowledged unchallenged in the fourth paragraph). I get that Scott wants to consider* possible genetic explanations, but is he calling anyone who doesn't a SJW now?

*(Not accept offhand)",https://www.reddit.com/r/slatestarcodex/comments/ezoojc/suicide_hotspots_of_the_world/fgotp60/,2020-02-06T10:48:36+00:00,"{""subreddit"": ""slatestarcodex"", ""score"": 17}"
reddit,fgpa2sw,brberg,"That whole article is lousy with Social Justice&amp;trade; shibboleths. Among many others, she says ""bodies"" in the Tumblr sense. That aside, this is a total SJW move:

&gt; When asked if there was any one part of the population that is more likely to experience suicidal thoughts and suicide, I responded by saying no and that given the history of racial tensions in Guyana, we should be cautious of attributing suicide to any one racialized group alone, but instead look at how suicide is a symptom of larger social, political, and economic problems in Guyana.

&gt; One of the panelists later indicated that 80% of the reported suicides are carried out by Indo-Guyanese. I interjected and acknowledged her point that there are higher rates reported in Indo-Guyanese communities.

She straight-up lied, and only came clean when she was called out on it. If 30% of the population is committing 80% of the suicide, that's a highly relevant fact that needs to be taken into account, regardless of whether there's a genetic factor. Lying about it for ideological reasons is not okay.",https://www.reddit.com/r/slatestarcodex/comments/ezoojc/suicide_hotspots_of_the_world/fgpa2sw/,2020-02-06T14:47:41+00:00,"{""subreddit"": ""slatestarcodex"", ""score"": 22}"
reddit,fgr4uak,marcuspapad,"It isnt a Chinese colony any more than its an Irish one, an Italian one, Haitian, Guyanese, Nigerian the list goes on..assuming you are Canadian as I am, i think you need a refresher on what that means.",https://www.reddit.com/r/Coronavirus/comments/f01vgm/ontario_canada_suspected_cases_double_in_24/fgr4uak/,2020-02-07T01:16:25+00:00,"{""subreddit"": ""Coronavirus"", ""score"": 3}"
reddit,fgr71jr,yellowstuff,"&gt;  We need a national, multisectoral, and intersectional strategy to holistically address Guyana’s high suicide rate, which will benefit all Guyanese; it is larger than any individual factor.

I know that SJW is a pejorative term, but there's not really an equivalent polite term. I think the article overall is pretty reasonable, but anyone calling for a multisectoral and intersectional strategy deserves to be called a SJW.",https://www.reddit.com/r/slatestarcodex/comments/ezoojc/suicide_hotspots_of_the_world/fgr71jr/,2020-02-07T01:42:04+00:00,"{""subreddit"": ""slatestarcodex"", ""score"": 2}"
reddit,fgrup9w,Aizen39,"I couldn’t agree more. Reminds me of a funny story

An Afghan, an Albanian, and Algerian, an American, an Andorran, an Angolan, an Antiguan, an Argintine, an Armenian, and Austrailian, an Austrian, an Azerbaijani, a Bahamian, a Bahraini, a Bangladeshi, a Barbadian, a Barbudans, a Batswanan, a Belarusian, a Belgian, a Belizean, a Beninese, a Bhutanese, a Bolivian, a Bosnian, a Brazilian, a Brit, a Bruneian, a Bulgarian, a Burkinabe, a Burmese, a Burundian, a Cambodian, a Cameroonian, a Canadian, a Cape Verdean, a Central African, a Chadian, a Chilean, a Chinese, a Colombian, a Comoran, a Congolese, a Costa Rican, a Croatian, a Cuban, a Cypriot, a Czech, a Dane, a Djibouti, a Dominican, a Dutchman, an East Timorese, an Ecuadorean, an Egyptian, an Emirian, an Equatorial Guinean, an Eritrean, an Estonian, an Ethiopian, a Fijian, a Filipino, a Finn, a Frenchman, a Gabonese, a Gambian, a Georgian, a German, a Ghanaian, a Greek, a Grenadian, a Guatemalan, a Guinea-Bissauan, a Guinean, a Guyanese, a Haitian, a Herzegovinian, a Honduran, a Hungarian, an I-Kiribati, an Icelander, an Indian, an Indonesian, an Iranian, an Iraqi, an Irishman, an Israeli, an Italian, an Ivorian, a Jamaican, a Japanese, a Jordanian, a Kazakhstani, a Kenyan, a Kittian and Nevisian, a Kuwaiti, a Kyrgyz, a Laotian, a Latvian, a Lebanese, a Liberian, a Libyan, a Liechtensteiner, a Lithuanian, a Luxembourger, a Macedonian, a Malagasy, a Malawian, a Malaysian, a Maldivan, a Malian, a Maltese, a Marshallese, a Mauritanian, a Mauritian, a Mexican, a Micronesian, a Moldovan, a Monacan, a Mongolian, a Moroccan, a Mosotho, a Motswana, a Mozambican, a Namibian, a Nauruan, a Nepalese, a New Zealander, a Nicaraguan, a Nigerian, a Nigerien, a North Korean, a Northern Irishman, a Norwegian, an Omani, a Pakistani, a Palauan, a Palestinian, a Panamanian, a Papua New Guinean, a Paraguayan, a Peruvian, a Pole, a Portuguese, a Qatari, a Romanian, a Russian, a Rwandan, a Saint Lucian, a Salvadoran, a Samoan, a San Marinese, a Sao Tomean, a Saudi, a Scottish, a Senegalese, a Serbian, a Seychellois, a Sierra Leonean, a Singaporean, a Slovakian, a Slovenian, a Solomon Islander, a Somali, a South African, a South Korean, a Spaniard, a Sri Lankan, a Sudanese, a Surinamer, a Swazi, a Swede, a Swiss, a Syrian, a Taiwanese, a Tajik, a Tanzanian, a Togolese, a Tongan, a Trinidadian or Tobagonian, a Tunisian, a Turkish, a Tuvaluan, a Ugandan, a Ukrainian, a Uruguayan, a Uzbekistani, a Venezuelan, a Vietnamese, a Welshman, a Yemenite, a Zambian and a Zimbabwean all go to a nightclub...

The doorman stops them and says “Sorry I can’t let you in without a Thai.”",https://www.reddit.com/r/u_wagerlabapp/comments/ezyst7/want_to_make_the_oscars_a_little_more_interesting/fgrup9w/,2020-02-07T06:50:59+00:00,"{""subreddit"": ""u_wagerlabapp"", ""score"": 10}"
reddit,fgtsm7j,SolidSnake_Foxhound,"Guyanese here, gotta add Milo",https://www.reddit.com/r/ABCDesis/comments/f03q3b/bournvita_and_ovaltine_are_70_sugar/fgtsm7j/,2020-02-07T20:53:17+00:00,"{""subreddit"": ""ABCDesis"", ""score"": 2}"
reddit,fgztdyc,leaklikeasiv,"This is subject I think is a North American ideology,  I moved out when I was 20 (I’m a white guy).  My wife is Guyanese (brown ).  Her parents wouldn’t let her move out until she had a ring on her finger  her parents believe renting is a bad thing, my wife saved all of her money when she started her career,  when we finally tied the knot and bought our first house we had a massive down payment 


I know there are other thing at play in people’s lives and parents situations but it seems like like more white people want their kids out ASAP.",https://www.reddit.com/r/trashy/comments/f0tddr/how_to_make_your_son_not_visit_any_time_soon/fgztdyc/,2020-02-08T21:31:05+00:00,"{""subreddit"": ""trashy"", ""score"": 3}"
reddit,fh327or,whatzgood,"No, my father is Guyanese.",https://www.reddit.com/r/AskReddit/comments/f1ae4i/kids_of_immigrants_how_did_the_cultural/fh327or/,2020-02-09T15:57:22+00:00,"{""subreddit"": ""AskReddit"", ""score"": 2}"
reddit,fh5f9dx,Aizen39,"I couldn’t agree more. Reminds me of a funny story

An Afghan, an Albanian, and Algerian, an American, an Andorran, an Angolan, an Antiguan, an Argintine, an Armenian, and Austrailian, an Austrian, an Azerbaijani, a Bahamian, a Bahraini, a Bangladeshi, a Barbadian, a Barbudans, a Batswanan, a Belarusian, a Belgian, a Belizean, a Beninese, a Bhutanese, a Bolivian, a Bosnian, a Brazilian, a Brit, a Bruneian, a Bulgarian, a Burkinabe, a Burmese, a Burundian, a Cambodian, a Cameroonian, a Canadian, a Cape Verdean, a Central African, a Chadian, a Chilean, a Chinese, a Colombian, a Comoran, a Congolese, a Costa Rican, a Croatian, a Cuban, a Cypriot, a Czech, a Dane, a Djibouti, a Dominican, a Dutchman, an East Timorese, an Ecuadorean, an Egyptian, an Emirian, an Equatorial Guinean, an Eritrean, an Estonian, an Ethiopian, a Fijian, a Filipino, a Finn, a Frenchman, a Gabonese, a Gambian, a Georgian, a German, a Ghanaian, a Greek, a Grenadian, a Guatemalan, a Guinea-Bissauan, a Guinean, a Guyanese, a Haitian, a Herzegovinian, a Honduran, a Hungarian, an I-Kiribati, an Icelander, an Indian, an Indonesian, an Iranian, an Iraqi, an Irishman, an Israeli, an Italian, an Ivorian, a Jamaican, a Japanese, a Jordanian, a Kazakhstani, a Kenyan, a Kittian and Nevisian, a Kuwaiti, a Kyrgyz, a Laotian, a Latvian, a Lebanese, a Liberian, a Libyan, a Liechtensteiner, a Lithuanian, a Luxembourger, a Macedonian, a Malagasy, a Malawian, a Malaysian, a Maldivan, a Malian, a Maltese, a Marshallese, a Mauritanian, a Mauritian, a Mexican, a Micronesian, a Moldovan, a Monacan, a Mongolian, a Moroccan, a Mosotho, a Motswana, a Mozambican, a Namibian, a Nauruan, a Nepalese, a New Zealander, a Nicaraguan, a Nigerian, a Nigerien, a North Korean, a Northern Irishman, a Norwegian, an Omani, a Pakistani, a Palauan, a Palestinian, a Panamanian, a Papua New Guinean, a Paraguayan, a Peruvian, a Pole, a Portuguese, a Qatari, a Romanian, a Russian, a Rwandan, a Saint Lucian, a Salvadoran, a Samoan, a San Marinese, a Sao Tomean, a Saudi, a Scottish, a Senegalese, a Serbian, a Seychellois, a Sierra Leonean, a Singaporean, a Slovakian, a Slovenian, a Solomon Islander, a Somali, a South African, a South Korean, a Spaniard, a Sri Lankan, a Sudanese, a Surinamer, a Swazi, a Swede, a Swiss, a Syrian, a Taiwanese, a Tajik, a Tanzanian, a Togolese, a Tongan, a Trinidadian or Tobagonian, a Tunisian, a Turkish, a Tuvaluan, a Ugandan, a Ukrainian, a Uruguayan, a Uzbekistani, a Venezuelan, a Vietnamese, a Welshman, a Yemenite, a Zambian and a Zimbabwean all go to a nightclub...

The doorman stops them and says “Sorry I can’t let you in without a Thai.”",https://www.reddit.com/r/u_PremiumBandaiUS/comments/ey75hc/for_all_of_fans_releasing_official_assorted_box/fh5f9dx/,2020-02-09T22:47:09+00:00,"{""subreddit"": ""u_PremiumBandaiUS"", ""score"": 115}"
reddit,fh6hnj2,Gaunter_O-Dimm,"True that. Though might I add, last time an independance referundum took place, Guyanese voted massively against it. They probably watched most of their neighbours and thought 'nah, we good.'",https://www.reddit.com/r/worldnews/comments/f1ce7i/france_is_expected_to_be_brazils_biggest_military/fh6hnj2/,2020-02-10T01:44:23+00:00,"{""subreddit"": ""worldnews"", ""score"": 21}"
reddit,fh6qzwm,monsieurkong,"If, and if with a big IF, if France decides to invade Brazil, their first main problem would be the local population of Guyana: there is a really big population of Brazilian and the rest of the Guyanese are pro-Brazil.",https://www.reddit.com/r/worldnews/comments/f1ce7i/france_is_expected_to_be_brazils_biggest_military/fh6qzwm/,2020-02-10T03:05:58+00:00,"{""subreddit"": ""worldnews"", ""score"": 1}"
reddit,fh6zbu4,23andme-SYSK,"i admit that i made a mistake assuming you were talking about the poster but Guyana's Indo-guyanese population only really started growing in the mid 1800s with most being poor indentured servants with not much immigration from Guyana to mexico as Guyana during the mid 1800s as Guyana was not under Spanish rule.

&gt;with lots of evidence backing up my reasoning 

\^ this is true  
i'm not presenting it as fact i'm presenting it as based on facts",https://www.reddit.com/r/23andme/comments/f1itia/mexican_american_guy_results/fh6zbu4/,2020-02-10T04:47:44+00:00,"{""subreddit"": ""23andme"", ""score"": 0}"
reddit,fh7b99l,anunmarkedplace,"Does only one country use the $ sign?

Why would you assume, in the absence of other information, that means USD? Pro-tip: $ &lt;&gt; USD

Here’s a list of countries that use Dollar (and the $ sign) as a currency:


 Antigua and Barbuda
East Caribbean dollar
XCD
 Australia and its territories
Australian dollar
AUD
 Bahamas
Bahamian dollar
BSD
 Barbados
Barbadian dollar
BBD
 Belize
Belize dollar
BZD/USD
 Bermuda
Bermuda dollar
BMD
 Brunei
Brunei dollar
(Alongside the Singapore dollar)
BND
(SGD)
 Canada
Canadian dollar
CAD
 Cayman Islands
Cayman Islands dollar
KYD
 Dominica
East Caribbean dollar
XCD
 East Timor
United States dollar
USD
 Ecuador
United States dollar
USD
 El Salvador
United States dollar
USD
 Fiji
Fijian dollar
FJD
 Grenada
East Caribbean dollar
XCD
 Guyana
Guyanese dollar
GYD
 Hong Kong
Hong Kong dollar
HKD
 Jamaica
Jamaican dollar
JMD
 Kiribati
Kiribati dollar along with the Australian dollar
KID / AUD
 Liberia
Liberian dollar
LRD
 Marshall Islands
United States dollar
USD
Federated States of Micronesia
United States dollar
USD
 Namibia
Namibian dollar along with the South African rand
NAD
 Nauru
Australian dollar
AUD
 New Zealand and its territories
New Zealand dollar
NZD
 Palau
United States dollar
USD
 Saint Kitts and Nevis
East Caribbean dollar
XCD
 Saint Lucia
East Caribbean dollar
XCD
 Saint Vincent and the Grenadines
East Caribbean dollar
XCD
 Singapore
Singapore dollar
SGD
 Solomon Islands
Solomon Islands dollar
SBD
 Suriname
Surinamese dollar
SRD
 Taiwan
New Taiwan dollar
TWD
 Trinidad and Tobago
Trinidad and Tobago dollar
TTD
 Tuvalu
Tuvaluan dollar along with the Australian dollar
TVD / AUD
 United States and its territories
United States dollar
USD
 Zimbabwe",https://www.reddit.com/r/apple/comments/f1k4nd/taika_waititi_calls_out_apples_macbook_keyboard/fh7b99l/,2020-02-10T08:22:04+00:00,"{""subreddit"": ""apple"", ""score"": 1}"
reddit,fh8dcrp,FinanceCorpStrategy,"We’d have to reform the welfare state first then. 

I’m for unlimited skilled labor, but I think completely open borders is a problem. Not that anecdotes should be used to make decisions, but I dated a girl from Guyana for a while, she had around 50-60 relatives that came in through chain immigration. Many of the older ones didn’t work, lived in subsidized housing and got various other free stuff from NYC and the state, didn’t assimilate (and were hella racist against anyone that wasn’t Guyanese)... I know open borders is a meme on this subreddit, but after that experience I moderated on this position a bit.

Also, we need to be realistic about cultural considerations. Most of the worlds poor is very religious and conservative. Having them come in by the tens of millions (and eventually getting citizenship and voting), will negatively impact other things we care about (e.g., gay rights, women’s right)",https://www.reddit.com/r/neoliberal/comments/f1rdsd/michael_bloomberg_unveils_immigration_plan/fh8dcrp/,2020-02-10T17:55:37+00:00,"{""subreddit"": ""neoliberal"", ""score"": -10}"
reddit,fh8t0hv,radicalrhubarb91,"My Grandad was Guyanese, also Georgetown! He came over to the UK on the Windrush, married an English woman and stayed. He was afro-Guyanese so we have the African gene rather than the Indian. But I'm half Scottish so you wouldn't tell from me!",https://www.reddit.com/r/Guyana/comments/f1uwnf/any_of_you_from_the_uk/fh8t0hv/,2020-02-10T20:32:42+00:00,"{""subreddit"": ""Guyana"", ""score"": 6}"
hackernews,22378930,oedmarap,"Thanks for posting this!<p>I&#x27;m Guyanese, and a lot of the information in the article was new to me — schools here teach extensively the historical linkages to Britain (who we gained independence from) and to a lesser extent France and the Netherlands, but never Scotland.",https://news.ycombinator.com/item?id=22378930,2020-02-20T21:43:35+00:00,"{""story_title"": ""How Scotland erased Guyana from its past"", ""story_url"": ""https://www.theguardian.com/news/2019/apr/16/scotland-guyana-past-abolitionists-slavery-caribbean"", ""parent_id"": 22378650}"
hackernews,24075059,commonturtle,"Some things are hard to replicate outside big cities. There&#x27;s probably a restaurant from every country in the world in London. I tried Guyanese food last week, a cuisine I&#x27;m unlikely to encounter outside a big city. There are great museums and art galleries. There are flights to every place I&#x27;d ever want to go.<p>So personally no plans to move to a less densely populated area.",https://news.ycombinator.com/item?id=24075059,2020-08-06T20:23:19+00:00,"{""story_title"": ""Ask HN: Are you planning to leave big cities?"", ""story_url"": null, ""parent_id"": 24070192}"
