hub,mix_expected_wage,overall_msa_median
Miami_MSA,59999.99999999968,60000.0
NYC_MSA,59999.99999999968,60000.0
